Date,Visitor,Visitor Score,Home Team,Home Score,Line
09/01/1980,Arkansas,17,Texas,23,0.0
09/05/1980,Northern Illinois,16,Long Beach State,9, 
09/06/1980,Air Force,9,Colorado State,21,7.0
09/06/1980,Appalachian State,34,James Madison,6, 
09/06/1980,Ball State,17,Central Michigan,21, 
09/06/1980,Boise State,28,Utah,7, 
09/06/1980,Bowling Green,17,Richmond,20, 
09/06/1980,Brigham Young,21,New Mexico,25,-13.0
09/06/1980,Chattanooga,16,Jacksonville St,13, 
09/06/1980,Cincinnati,27,West Virginia,41,8.0
09/06/1980,Colgate,10,Penn State,54,23.5
09/06/1980,East Carolina,35,Duke,10,7.0
09/06/1980,Eastern Michigan,0,Western Michigan,37, 
09/06/1980,Florida State,16,Louisiana State,0,0.0
09/06/1980,Fullerton State,39,Fresno State,25, 
09/06/1980,Furman,13,North Carolina,35, 
09/06/1980,Georgia,16,Tennessee,15,4.0
09/06/1980,Georgia Tech,3,Alabama,26,20.0
09/06/1980,Indiana State,13,Drake,10, 
09/06/1980,Lamar,41,Texas Southern,8, 
09/06/1980,Marshall,35,Morehead State,8, 
09/06/1980,McNeese State,20,West Texas A+M,17, 
09/06/1980,Miami-Florida,24,Louisville,10,-6.0
09/06/1980,Mississippi State,34,Memphis,7,-8.0
09/06/1980,Nicholls State,13,Illinois State,28, 
09/06/1980,New Mexico State,12,UL-Lafayette,14, 
09/06/1980,North Texas,31,Texas-Arlington,14, 
09/06/1980,Northwestern,9,Illinois,35,10.0
09/06/1980,Pacific,0,South Carolina,37, 
09/06/1980,Presbyterian,14,The Citadel,21, 
09/06/1980,Purdue,10,Notre Dame,31,3.0
09/06/1980,Rhode Island,14,Holy Cross,21, 
09/06/1980,Santa Clara,14,San Jose State,28, 
09/06/1980,Southern Illinois,14,Wichita State,31, 
09/06/1980,Southern Miss,17,Tulane,14,7.0
09/06/1980,Stanford,35,Oregon,25,-4.0
09/06/1980,Texas A+M,23,Mississippi,20,-2.0
09/06/1980,UTEP,7,Texas Tech,35,17.0
09/06/1980,Utah State,10,Kentucky,17,16.5
09/06/1980,Villanova,3,Maryland,7,15.0
09/06/1980,Virginia Military,14,Western Carolina,16, 
09/06/1980,Virginia Tech,16,Wake Forest,7,6.0
09/06/1980,William + Mary,0,No Carolina State,42,21.5
09/06/1980,Wofford,16,East Tennessee St,9, 
09/13/1980,Abilene Christian,0,Hawaii,41, 
09/13/1980,Air Force,7,Washington,50,25.0
09/13/1980,Auburn,10,Texas Christian,7,-7.0
09/13/1980,Augustana (SD),0,Drake,42, 
09/13/1980,Ball State,18,Northern Illinois,17, 
09/13/1980,Baylor,42,Lamar,7,-11.0
09/13/1980,Boston College,6,Pittsburgh,14,24.0
09/13/1980,California,13,Florida,41,-4.0
09/13/1980,Chattanooga,32,Middle Tennessee,7, 
09/13/1980,Cincinnati,13,Tulsa,31, 
09/13/1980,The Citadel,14,Appalachian State,17, 
09/13/1980,Central Michigan,15,Miami-Ohio,14, 
09/13/1980,Colgate,17,Lehigh,17, 
09/13/1980,Colorado,14,U.C.L.A.,56,13.0
09/13/1980,Cal-San Luis Obispo,23,Fullerton State,30, 
09/13/1980,Eastern Illinois,35,Southern Illinois,37, 
09/13/1980,Eastern Michigan,18,Bowling Green,16, 
09/13/1980,East Tennessee St,7,Virginia Tech,35, 
09/13/1980,Florida A+M,0,Miami-Florida,49, 
09/13/1980,Fresno State,6,Nevada-Las Vegas,35, 
09/13/1980,Holy Cross,7,Army,28,4.0
09/13/1980,Houston,13,Arizona State,29,-6.0
09/13/1980,Idaho,13,Pacific,24, 
09/13/1980,Idaho State,7,Utah State,14, 
09/13/1980,Iowa,16,Indiana,7,6.0
09/13/1980,Kansas,7,Oregon,7,8.0
09/13/1980,Kent State,7,Marshall,17, 
09/13/1980,Kansas State,0,Louisiana State,21,11.0
09/13/1980,Kentucky,7,Oklahoma,29,18.0
09/13/1980,Louisville,0,Florida State,52,21.0
09/13/1980,Louisiana Tech,11,Mississippi State,31, 
09/13/1980,McNeese State,20,Toledo,17, 
09/13/1980,Michigan State,17,Illinois,20,3.0
09/13/1980,Memphis,7,Mississippi,61,10.0
09/13/1980,Navy,3,Virginia,6,7.0
09/13/1980,North Carolina,9,Texas Tech,3,1.0
09/13/1980,UL-Monroe,7,Iowa State,42, 
09/13/1980,New Mexico,16,Missouri,47,24.0
09/13/1980,North Texas,9,S-M-U,28,15.0
09/13/1980,Northwestern St(LA),38,Texas-Arlington,31, 
09/13/1980,Northwestern,10,Michigan,17,28.0
09/13/1980,Ohio,14,Minnesota,38, 
09/13/1980,Oregon State,10,Wyoming,30,3.0
09/13/1980,Presbyterian,7,Furman,28, 
09/13/1980,Purdue,12,Wisconsin,6,-10.0
09/13/1980,Rice,3,Clemson,19,17.0
09/13/1980,Richmond,21,Villanova,7, 
09/13/1980,Rutgers,21,Temple,3,6.0
09/13/1980,Southern Cal,20,Tennessee,17,-7.0
09/13/1980,San Diego State,11,Brigham Young,35,14.0
09/13/1980,San Jose State,31,Washington State,26,3.5
09/13/1980,UL-Lafayette,27,East Carolina,21, 
09/13/1980,Syracuse,21,Ohio State,31,25.0
09/13/1980,Tennessee-Martin,9,Arkansas State,29, 
09/13/1980,Tennessee Tech,26,Western Carolina,10, 
09/13/1980,Tulane,14,Stanford,19,11.0
09/13/1980,Texas A+M,0,Georgia,42,2.0
09/13/1980,Utah,9,Nebraska,55,23.0
09/13/1980,UTEP,3,New Mexico State,6, 
09/13/1980,Vanderbilt,6,Maryland,31,14.0
09/13/1980,Virginia Military,13,William + Mary,10, 
09/13/1980,Wichita State,0,South Carolina,73, 
09/13/1980,Western Michigan,31,Illinois State,17, 
09/13/1980,West Texas A+M,20,Oklahoma State,19, 
09/13/1980,West Virginia,52,Colorado State,24,-3.0
09/20/1980,Alabama,59,Mississippi,35,-14.0
09/20/1980,Appalachian State,7,Chattanooga,14, 
09/20/1980,Brigham Young,28,Wisconsin,3,-3.0
09/20/1980,California,19,Army,26,-14.0
09/20/1980,Cincinnati,7,Rutgers,24, 
09/20/1980,The Citadel,7,Wake Forest,24, 
09/20/1980,Clemson,16,Georgia,20,9.0
09/20/1980,Colorado,20,Louisiana State,23,21.0
09/20/1980,Columbia,6,Harvard,26,15.0
09/20/1980,Colorado State,15,Arizona,13, 
09/20/1980,Delaware,28,Temple,7, 
09/20/1980,Drake,38,Lamar,7, 
09/20/1980,Duke,28,Auburn,35,21.0
09/20/1980,East Carolina,7,Florida State,63, 
09/20/1980,Eastern Illinois,0,Indiana State,14, 
09/20/1980,Eastern Michigan,6,Ohio,34, 
09/20/1980,East Tennessee St,3,S E Louisiana,7, 
09/20/1980,Florida,45,Georgia Tech,12,1.0
09/20/1980,Furman,28,Western Carolina,14, 
09/20/1980,Illinois,7,Missouri,52,17.0
09/20/1980,Illinois State,0,Central Michigan,16, 
09/20/1980,Indiana,36,Kentucky,30,2.0
09/20/1980,Iowa,0,Nebraska,57,13.0
09/20/1980,Kent State,3,Navy,31, 
09/20/1980,Long Beach State,23,Bowling Green,21, 
09/20/1980,Louisiana Tech,11,Southern Miss,38, 
09/20/1980,Marshall,3,Virginia Military,17, 
09/20/1980,Michigan State,7,Oregon,35,6.0
09/20/1980,Maryland,14,West Virginia,11,-2.0
09/20/1980,Miami-Florida,14,Houston,7,7.0
09/20/1980,Miami-Ohio,24,Syracuse,36,8.5
09/20/1980,Michigan,27,Notre Dame,29,3.0
09/20/1980,Minnesota,0,Ohio State,47,24.0
09/20/1980,Mississippi State,24,Vanderbilt,14,-17.0
09/20/1980,Murray State,13,Louisville,9, 
09/20/1980,No Carolina State,27,Virginia,13,2.0
09/20/1980,UL-Monroe,35,Arkansas State,12, 
09/20/1980,Nicholls State,0,McNeese State,21, 
09/20/1980,New Mexico,17,Texas Tech,28, 
09/20/1980,Northern Arizona,13,Fullerton State,21, 
09/20/1980,North Texas,35,UTEP,15, 
09/20/1980,Northwestern,7,Washington,45,27.0
09/20/1980,Oklahoma State,20,Arkansas,33,14.0
09/20/1980,Oregon State,14,Arizona State,42,21.0
09/20/1980,Pacific,14,Hawaii,25, 
09/20/1980,Penn State,25,Texas A+M,9,-2.0
09/20/1980,Pennsylvania,7,Dartmouth,40,14.0
09/20/1980,Pittsburgh,18,Kansas,3,-16.0
09/20/1980,Princeton,7,Cornell,17,6.0
09/20/1980,Rice,14,Tulane,35,15.0
09/20/1980,Richmond,14,Wyoming,35, 
09/20/1980,South Carolina,13,Southern Cal,23,13.0
09/20/1980,South Dakota,3,Kansas State,24, 
09/20/1980,San Diego State,13,Air Force,10,-11.0
09/20/1980,Southern Illinois,17,New Mexico State,18, 
09/20/1980,San Jose State,6,Iowa State,27,8.5
09/20/1980,Stanford,13,Boston College,30,-6.0
09/20/1980,UL-Lafayette,14,Fresno State,16, 
09/20/1980,Texas Christian,14,S-M-U,17,15.0
09/20/1980,Toledo,7,Ball State,27, 
09/20/1980,Tulsa,10,Wichita State,23, 
09/20/1980,U.C.L.A.,23,Purdue,14,5.0
09/20/1980,Nevada-Las Vegas,29,Utah,45, 
09/20/1980,Utah State,17,Texas,35,29.0
09/20/1980,Villanova,12,Massachusetts,24, 
09/20/1980,Washington State,23,Tennessee,35,18.0
09/20/1980,Western Michigan,35,Northern Illinois,6, 
09/20/1980,William + Mary,3,Virginia Tech,7, 
09/20/1980,West Texas A+M,15,Baylor,43, 
09/20/1980,Yale,45,Brown,17,2.0
09/26/1980,Lehigh,35,Pennsylvania,6, 
09/27/1980,Air Force,20,Illinois,20,18.0
09/27/1980,Akron,9,Indiana State,27, 
09/27/1980,Arkansas State,7,Kansas State,31, 
09/27/1980,Arizona,31,California,24,6.0
09/27/1980,Army,18,Washington State,31,8.0
09/27/1980,Arizona State,21,Ohio State,38,17.0
09/27/1980,Baylor,11,Texas Tech,3,-3.0
09/27/1980,Boston College,9,Villanova,20,-6.0
09/27/1980,Bowling Green,20,Kentucky,21, 
09/27/1980,Bucknell,28,Brown,20, 
09/27/1980,Chattanooga,13,The Citadel,29, 
09/27/1980,Connecticut,10,Yale,20,10.0
09/27/1980,Cornell,20,Colgate,38,4.0
09/27/1980,Eastern Michigan,7,Toledo,49, 
09/27/1980,East Tennessee St,15,Appalachian State,42, 
09/27/1980,Fresno State,12,Utah,27, 
09/27/1980,Florida State,9,Miami-Florida,10,-6.0
09/27/1980,Hawaii,20,Wyoming,45, 
09/27/1980,Holy Cross,13,Harvard,14,4.0
09/27/1980,Iowa State,10,Iowa,7,4.0
09/27/1980,Indiana,49,Colorado,7,-6.0
09/27/1980,James Madison,6,Virginia Tech,38, 
09/27/1980,Kent State,6,Central Michigan,21, 
09/27/1980,Lafayette,0,Columbia,6, 
09/27/1980,Lamar,45,Stephen F Austin,21, 
09/27/1980,Long Beach State,25,Brigham Young,41, 
09/27/1980,Louisville,17,Kansas,9,13.0
09/27/1980,Louisiana State,7,Rice,17,-11.0
09/27/1980,Maryland,3,North Carolina,17,4.0
09/27/1980,Memphis,8,Georgia Tech,17,12.0
09/27/1980,Miami-Ohio,42,Ball State,9, 
09/27/1980,Missouri,31,San Diego State,7,-14.0
09/27/1980,Mississippi State,15,Florida,21,3.0
09/27/1980,Nebraska,21,Penn State,7,-4.0
09/27/1980,UL-Monroe,24,UL-Lafayette,0, 
09/27/1980,New Hampshire,24,Dartmouth,7, 
09/27/1980,Northern Illinois,22,Ohio,21, 
09/27/1980,New Mexico State,19,New Mexico,52, 
09/27/1980,North Texas,17,Houston,24,19.5
09/27/1980,Northwestern St(LA),13,McNeese State,10, 
09/27/1980,Northwestern,21,Syracuse,42,10.0
09/27/1980,Oregon,34,Washington,10,7.0
09/27/1980,Oregon State,0,Texas,35,25.0
09/27/1980,Princeton,13,Rutgers,44,21.0
09/27/1980,Richmond,28,West Virginia,31,18.0
09/27/1980,Southern Cal,24,Minnesota,7,-17.0
09/27/1980,South Carolina,17,Michigan,14,7.0
09/27/1980,S E Louisiana,28,Illinois State,21, 
09/27/1980,Southern Illinois,34,Drake,28, 
09/27/1980,Southern Miss,35,East Carolina,7, 
09/27/1980,Stanford,31,Oklahoma,14,15.0
09/27/1980,Texas State,13,West Texas A+M,21, 
09/27/1980,Texas-Arlington,16,S-M-U,52, 
09/27/1980,Texas Christian,3,Georgia,34,14.0
09/27/1980,Temple,2,Pittsburgh,36,17.0
09/27/1980,Tennessee,42,Auburn,0,2.0
09/27/1980,Tulane,26,Mississippi,24,3.0
09/27/1980,Tulsa,10,Arkansas,13,23.0
09/27/1980,Nevada-Las Vegas,56,Colorado State,15, 
09/27/1980,UTEP,14,Pacific,28, 
09/27/1980,Vanderbilt,0,Alabama,41,34.0
09/27/1980,Virginia,20,Duke,17,-7.0
09/27/1980,Virginia Military,16,Furman,21, 
09/27/1980,Western Carolina,10,Clemson,17, 
09/27/1980,Wake Forest,27,No Carolina State,7,8.0
09/27/1980,Wichita State,13,Cincinnati,8, 
09/27/1980,Western Illinois,6,Louisiana Tech,42, 
09/27/1980,Wisconsin,0,U.C.L.A.,35,17.0
09/27/1980,Western Michigan,7,Michigan State,33, 
09/27/1980,William + Mary,6,Navy,45,24.0
10/03/1980,Kentucky,0,Alabama,45,22.0
10/04/1980,Air Force,16,Yale,17,2.0
10/04/1980,Arkansas State,3,Memphis,24, 
10/04/1980,Appalachian State,23,Marshall,6, 
10/04/1980,Arizona,5,Iowa,3,6.0
10/04/1980,Arizona State,21,Southern Cal,23,14.0
10/04/1980,Ball State,7,McNeese State,24, 
10/04/1980,Boston College,0,Navy,21,4.0
10/04/1980,Boston University,6,Temple,53, 
10/04/1980,Bowling Green,17,Western Michigan,14, 
10/04/1980,Brown,28,Princeton,11,2.0
10/04/1980,California,13,Michigan,38,14.0
10/04/1980,Cincinnati,6,Villanova,23, 
10/04/1980,Colgate,21,Connecticut,24, 
10/04/1980,Columbia,13,Pennsylvania,24,1.0
10/04/1980,Colorado State,0,Iowa State,69, 
10/04/1980,Cal-San Luis Obispo,25,Fresno State,31, 
10/04/1980,Dartmouth,6,Holy Cross,17,-1.0
10/04/1980,Drake,30,Texas-Arlington,20, 
10/04/1980,Duke,21,Indiana,31,17.0
10/04/1980,Florida State,18,Nebraska,14,14.0
10/04/1980,Fullerton State,17,Nevada-Las Vegas,36, 
10/04/1980,Furman,42,Chattanooga,28, 
10/04/1980,Georgia Tech,0,North Carolina,33,15.0
10/04/1980,Harvard,15,Army,10,12.0
10/04/1980,Houston,12,Baylor,24,7.0
10/04/1980,Illinois State,14,Eastern Illinois,31, 
10/04/1980,Indiana State,20,Wichita State,46, 
10/04/1980,Kansas,23,Syracuse,8,7.0
10/04/1980,Kansas State,0,Tulsa,3,1.0
10/04/1980,Louisiana State,24,Florida,7,7.0
10/04/1980,Louisiana Tech,7,East Tennessee St,3, 
10/04/1980,Maryland,9,Pittsburgh,38,11.0
10/04/1980,Miami-Ohio,3,Purdue,28,15.5
10/04/1980,Minnesota,49,Northwestern,21,-11.0
10/04/1980,Mississippi,22,Southern Miss,28, 
10/04/1980,Mississippi State,28,Illinois,21,-6.0
10/04/1980,No Carolina State,10,South Carolina,30,11.0
10/04/1980,Notre Dame,26,Michigan State,21,-12.0
10/04/1980,Northern Illinois,20,Southern Illinois,17, 
10/04/1980,New Mexico,24,Wyoming,21, 
10/04/1980,New Mexico State,15,West Texas A+M,17, 
10/04/1980,Northwestern St(LA),14,UL-Monroe,38, 
10/04/1980,Ohio,14,Kent State,15, 
10/04/1980,Oklahoma,82,Colorado,42,-22.0
10/04/1980,Pacific,24,Washington State,22, 
10/04/1980,Penn State,29,Missouri,21,7.0
10/04/1980,Richmond,16,Auburn,55, 
10/04/1980,Rutgers,44,Cornell,3,-17.0
10/04/1980,San Diego State,12,Wisconsin,35,5.0
10/04/1980,San Jose State,21,Stanford,35,18.5
10/04/1980,S-M-U,31,Tulane,21,1.0
10/04/1980,UL-Lafayette,20,North Texas,22, 
10/04/1980,Texas Christian,7,Arkansas,44,15.0
10/04/1980,Texas,41,Rice,28,-20.0
10/04/1980,Tennessee State,35,Long Beach State,18, 
10/04/1980,Toledo,10,Central Michigan,14, 
10/04/1980,Texas Tech,21,Texas A+M,41,5.0
10/04/1980,U.C.L.A.,17,Ohio State,0,10.0
10/04/1980,Utah,23,Utah State,19, 
10/04/1980,UTEP,34,Hawaii,14, 
10/04/1980,Virginia,21,West Virginia,45,4.0
10/04/1980,Virginia Military,0,The Citadel,28, 
10/04/1980,Virginia Tech,10,Clemson,13,9.0
10/04/1980,Washington,24,Oklahoma State,18,-1.0
10/04/1980,Western Carolina,24,Middle Tennessee,10, 
10/04/1980,Wake Forest,27,William + Mary,7, 
10/11/1980,Arkansas State,0,UL-Lafayette,3, 
10/11/1980,Alabama,17,Rutgers,13,-19.0
10/11/1980,Appalachian State,14,No Carolina State,17, 
10/11/1980,Auburn,17,Louisiana State,21,1.0
10/11/1980,Bowling Green,17,Toledo,6, 
10/11/1980,Chattanooga,55,Virginia Military,10, 
10/11/1980,The Citadel,28,Western Carolina,21, 
10/11/1980,Clemson,27,Virginia,24,-5.0
10/11/1980,Central Michigan,9,Ohio,24, 
10/11/1980,Cornell,12,Harvard,20,3.0
10/11/1980,Colorado State,31,New Mexico,26, 
10/11/1980,Dartmouth,14,William + Mary,17,1.0
10/11/1980,Drake,41,Colorado,22, 
10/11/1980,Duke,7,South Carolina,20,21.0
10/11/1980,East Carolina,24,Richmond,22, 
10/11/1980,Eastern Michigan,10,Akron,21, 
10/11/1980,Fresno State,14,San Jose State,26, 
10/11/1980,Furman,33,East Tennessee St,21, 
10/11/1980,Holy Cross,7,Colgate,38,6.0
10/11/1980,Illinois,20,Iowa,14,8.0
10/11/1980,Illinois State,28,Northern Illinois,18, 
10/11/1980,Kansas State,7,Iowa State,31,9.0
10/11/1980,Lamar,7,Louisiana Tech,16, 
10/11/1980,Long Beach State,17,Pacific,12, 
10/11/1980,Lehigh,24,Army,24, 
10/11/1980,Marshall,6,Miami-Ohio,34, 
10/11/1980,McNeese State,48,UL-Monroe,28, 
10/11/1980,Michigan State,23,Michigan,27,17.0
10/11/1980,Memphis,14,Louisville,38, 
10/11/1980,Miami-Florida,14,Notre Dame,32,6.0
10/11/1980,Minnesota,7,Purdue,21,12.0
10/11/1980,Mississippi,21,Georgia,28,14.0
10/11/1980,Missouri,30,Oklahoma State,7,-7.0
10/11/1980,Navy,20,Air Force,21,-13.0
10/11/1980,North Carolina,27,Wake Forest,9,-8.0
10/11/1980,Nebraska,54,Kansas,0,-19.0
10/11/1980,North Texas,27,Tulsa,28, 
10/11/1980,Ohio State,63,Northwestern,0,-33.0
10/11/1980,Oklahoma,13,Texas,20,2.0
10/11/1980,Oregon,6,California,31,-2.0
10/11/1980,Penn State,24,Maryland,10,-6.0
10/11/1980,Pennsylvania,22,Brown,42,16.0
10/11/1980,Pittsburgh,22,Florida State,36,-1.0
10/11/1980,Princeton,31,Columbia,19,-9.0
10/11/1980,Rhode Island,7,Virginia Tech,34, 
10/11/1980,Rice,28,Texas Christian,24,3.0
10/11/1980,Southern Cal,27,Arizona,10,-11.0
10/11/1980,Southern Illinois,6,Indiana State,19, 
10/11/1980,Southern Miss,42,Mississippi State,14, 
10/11/1980,S-M-U,28,Baylor,32,3.0
10/11/1980,Stanford,21,U.C.L.A.,35,7.0
10/11/1980,Temple,7,Syracuse,31,7.0
10/11/1980,Tennessee,23,Georgia Tech,10,-12.0
10/11/1980,Tulane,43,Vanderbilt,21,-11.0
10/11/1980,Texas A+M,7,Houston,17,2.0
10/11/1980,Nevada-Las Vegas,28,San Diego State,17, 
10/11/1980,Utah,31,UTEP,7, 
10/11/1980,Utah State,28,Fullerton State,17, 
10/11/1980,Washington,41,Oregon State,6,-18.0
10/11/1980,Washington State,21,Arizona State,27,14.0
10/11/1980,Wichita State,7,Arkansas,27, 
10/11/1980,Wisconsin,0,Indiana,24,8.0
10/11/1980,Western Michigan,28,Kent State,21, 
10/11/1980,West Texas A+M,38,Texas-Arlington,26, 
10/11/1980,West Virginia,13,Hawaii,16, 
10/11/1980,Wyoming,17,Brigham Young,52, 
10/11/1980,Yale,9,Boston College,27,13.0
10/18/1980,Air Force,7,Tulane,28,15.0
10/18/1980,Akron,7,Temple,16, 
10/18/1980,Arkansas State,0,Southern Miss,35, 
10/18/1980,Alabama,27,Tennessee,0,-8.0
10/18/1980,Appalachian State,57,Lenoir-Rhyne,25, 
10/18/1980,Army,3,Notre Dame,30,26.0
10/18/1980,Ball State,26,Eastern Michigan,0, 
10/18/1980,Baylor,46,Texas A+M,7,-4.0
10/18/1980,Boston College,7,Florida State,41,17.0
10/18/1980,Brown,32,Cornell,25,-4.0
10/18/1980,Brigham Young,70,Utah State,46, 
10/18/1980,Chattanooga,21,Marshall,11, 
10/18/1980,Cincinnati,7,South Carolina,49, 
10/18/1980,Central Michigan,0,Northern Illinois,21, 
10/18/1980,Colgate,10,Princeton,14,6.5
10/18/1980,Colorado,7,Missouri,45,26.0
10/18/1980,Columbia,10,Yale,30,24.0
10/18/1980,Connecticut,18,Holy Cross,17, 
10/18/1980,Colorado State,26,San Diego State,7, 
10/18/1980,Duke,34,Clemson,17,15.0
10/18/1980,East Carolina,24,Western Carolina,14, 
10/18/1980,East Tennessee St,6,Eastern Kentucky,25, 
10/18/1980,Florida,15,Mississippi,3,4.0
10/18/1980,Fullerton State,11,Boise State,26, 
10/18/1980,Georgia Tech,14,Auburn,17,10.0
10/18/1980,Harvard,12,Dartmouth,30,1.0
10/18/1980,Hawaii,31,New Mexico,14, 
10/18/1980,Houston,13,S-M-U,11,6.0
10/18/1980,Iowa State,17,Kansas,28,-10.0
10/18/1980,Indiana,17,Ohio State,27,15.0
10/18/1980,Indiana State,17,Louisville,27, 
10/18/1980,Kent State,3,Bowling Green,24, 
10/18/1980,Kansas State,21,Oklahoma,35,22.0
10/18/1980,Long Beach State,23,San Jose State,21, 
10/18/1980,Louisiana State,17,Kentucky,10,3.0
10/18/1980,Louisiana Tech,27,Northwestern St(LA),23, 
10/18/1980,Miami-Ohio,7,Ohio,17, 
10/18/1980,Michigan,37,Minnesota,14,-11.0
10/18/1980,Mississippi State,34,Miami-Florida,31,6.0
10/18/1980,No Carolina State,8,North Carolina,28,13.0
10/18/1980,UL-Monroe,28,Lamar,6, 
10/18/1980,Newberry,0,The Citadel,37, 
10/18/1980,New Mexico State,30,Texas-Arlington,10, 
10/18/1980,North Texas,29,Memphis,10,-5.5
10/18/1980,Northwestern,3,Iowa,25,27.0
10/18/1980,Oklahoma State,7,Nebraska,48,26.0
10/18/1980,Oregon State,6,California,27,20.0
10/18/1980,Pacific,3,Fresno State,27, 
10/18/1980,Pennsylvania,0,Lafayette,3, 
10/18/1980,Purdue,45,Illinois,20,-8.0
10/18/1980,Southern Cal,7,Oregon,7,-7.0
10/18/1980,Southern Illinois,42,Illinois State,0, 
10/18/1980,Syracuse,7,Penn State,24,14.0
10/18/1980,Toledo,7,Western Michigan,17, 
10/18/1980,Texas Tech,10,Rice,3,-4.0
10/18/1980,Tulsa,23,Texas Christian,17,1.0
10/18/1980,Utah,21,Wyoming,24, 
10/18/1980,UTEP,14,Nevada-Las Vegas,53, 
10/18/1980,Vanderbilt,0,Georgia,41,29.0
10/18/1980,Villanova,15,Navy,24,11.5
10/18/1980,Virginia,0,Virginia Tech,30,5.0
10/18/1980,Virginia Military,22,Richmond,17, 
10/18/1980,Washington,27,Stanford,24,-1.0
10/18/1980,Washington State,38,Arizona,14,7.0
10/18/1980,Wake Forest,10,Maryland,11,6.0
10/18/1980,Wisconsin,17,Michigan State,7,7.0
10/18/1980,William + Mary,21,Rutgers,18,26.0
10/18/1980,West Texas A+M,21,Drake,27, 
10/18/1980,West Virginia,14,Pittsburgh,42,14.0
10/25/1980,Arkansas,17,Houston,24,-4.0
10/25/1980,Army,14,Boston College,30,13.0
10/25/1980,Auburn,21,Mississippi State,24,4.0
10/25/1980,Baylor,21,Texas Christian,6,-16.0
10/25/1980,Bowling Green,3,Miami-Ohio,7, 
10/25/1980,Brigham Young,34,Hawaii,7, 
10/25/1980,Cincinnati,7,Temple,23, 
10/25/1980,Clemson,20,No Carolina State,24,-2.0
10/25/1980,Columbia,22,Colgate,35,21.0
10/25/1980,Colorado State,21,Utah,21, 
10/25/1980,Dartmouth,3,Cornell,7,-5.0
10/25/1980,Delaware,7,William + Mary,3, 
10/25/1980,Drake,28,New Mexico State,22, 
10/25/1980,East Carolina,3,North Carolina,31, 
10/25/1980,Eastern Michigan,12,Kent State,35, 
10/25/1980,East Tennessee St,14,Chattanooga,26, 
10/25/1980,Florida State,24,Memphis,3,-24.0
10/25/1980,Fullerton State,17,Nevada-Reno,16, 
10/25/1980,Furman,21,Appalachian State,20, 
10/25/1980,Georgia,27,Kentucky,0,-9.0
10/25/1980,Harvard,3,Princeton,7,2.0
10/25/1980,Holy Cross,3,Brown,21,6.0
10/25/1980,Idaho,10,San Jose State,32, 
10/25/1980,Illinois,14,Michigan,45,19.0
10/25/1980,Indiana,35,Northwestern,20,-28.0
10/25/1980,Indiana State,0,Illinois State,9, 
10/25/1980,Iowa,6,Minnesota,24,-2.0
10/25/1980,Kansas,14,Oklahoma State,14,3.0
10/25/1980,Lamar,10,UL-Lafayette,38, 
10/25/1980,Long Beach State,31,Oregon State,21, 
10/25/1980,Louisville,0,Florida,13,19.0
10/25/1980,Louisiana Tech,20,Texas-Arlington,21, 
10/25/1980,Marshall,13,Western Carolina,13, 
10/25/1980,McNeese State,36,Arkansas State,28, 
10/25/1980,Michigan State,25,Purdue,36,14.0
10/25/1980,Maryland,17,Duke,14,-4.0
10/25/1980,Mississippi,27,Vanderbilt,14,-14.0
10/25/1980,Missouri,13,Kansas State,3,-15.0
10/25/1980,Navy,24,Washington,10,11.0
10/25/1980,Notre Dame,20,Arizona,3,-12.0
10/25/1980,Nebraska,45,Colorado,7,-29.0
10/25/1980,Northern Illinois,17,Wichita State,14, 
10/25/1980,New Mexico,22,UTEP,21, 
10/25/1980,Northwestern St(LA),0,Central Michigan,17, 
10/25/1980,Ohio State,21,Wisconsin,0,-22.0
10/25/1980,Oklahoma,42,Iowa State,7,-9.0
10/25/1980,Pacific,9,Arizona State,37, 
10/25/1980,Penn State,20,West Virginia,15,-12.0
10/25/1980,Pittsburgh,30,Tennessee,6,-4.0
10/25/1980,Rice,10,Texas A+M,6,10.0
10/25/1980,Rutgers,9,Syracuse,17,3.0
10/25/1980,San Diego State,9,Wyoming,34, 
10/25/1980,S E Louisiana,55,UL-Monroe,30, 
10/25/1980,Southern Miss,7,Alabama,42,21.5
10/25/1980,S-M-U,20,Texas,6,13.0
10/25/1980,Stanford,48,Washington State,34,-7.0
10/25/1980,Toledo,9,Ohio,24, 
10/25/1980,Tulane,31,Georgia Tech,14,-5.0
10/25/1980,U.C.L.A.,32,California,9,-10.0
10/25/1980,Nevada-Las Vegas,9,Oregon,32, 
10/25/1980,Utah State,14,Fresno State,0, 
10/25/1980,Villanova,17,Virginia Military,6, 
10/25/1980,Virginia,24,Wake Forest,21,7.0
10/25/1980,Virginia Tech,7,Richmond,18, 
10/25/1980,Western Michigan,17,Ball State,15, 
10/25/1980,Wofford,3,The Citadel,35, 
10/25/1980,West Texas A+M,24,Tulsa,44, 
10/25/1980,Yale,8,Pennsylvania,0,-17.0
11/01/1980,Alabama,3,Mississippi State,6,-17.0
11/01/1980,Auburn,10,Florida,21,4.0
11/01/1980,Arizona State,0,Washington,25,5.0
11/01/1980,Ball State,21,Bowling Green,24, 
11/01/1980,Boston College,23,Air Force,0,-7.0
11/01/1980,Brown,16,Harvard,17,-3.0
11/01/1980,California,7,Southern Cal,60,18.0
11/01/1980,Cincinnati,10,Richmond,24, 
11/01/1980,Clemson,35,Wake Forest,33,-1.0
11/01/1980,Central Michigan,51,Eastern Michigan,15, 
11/01/1980,Cornell,16,Bucknell,33, 
11/01/1980,Fullerton State,21,Hawaii,31, 
11/01/1980,Furman,35,Marshall,0, 
11/01/1980,Georgia Tech,12,Duke,17,4.0
11/01/1980,Holy Cross,26,Columbia,0,-12.0
11/01/1980,Iowa State,9,Colorado,17,-9.0
11/01/1980,Illinois State,0,Western Illinois,27, 
11/01/1980,Kansas,20,Kansas State,18,-1.0
11/01/1980,Kentucky,22,Tulane,24,8.0
11/01/1980,Lafayette,0,Colgate,44, 
11/01/1980,Lamar,10,Southern Miss,36, 
11/01/1980,Long Beach State,34,Fresno State,9, 
11/01/1980,Louisiana Tech,28,Arkansas State,0, 
11/01/1980,Miami-Florida,12,Penn State,27,11.0
11/01/1980,Miami-Ohio,14,Toledo,17, 
11/01/1980,Michigan,35,Indiana,0,-7.0
11/01/1980,Minnesota,21,Illinois,18,1.0
11/01/1980,Mississippi,16,Louisiana State,38,6.0
11/01/1980,Missouri,16,Nebraska,38,12.0
11/01/1980,Navy,0,Notre Dame,33,10.0
11/01/1980,North Carolina,7,Oklahoma,41,6.0
11/01/1980,No Carolina State,0,Maryland,24,6.0
11/01/1980,UL-Monroe,29,Nicholls State,28, 
11/01/1980,Northern Illinois,35,Kent State,14, 
11/01/1980,North Texas,38,New Mexico State,28, 
11/01/1980,Ohio,7,Western Michigan,13, 
11/01/1980,Ohio State,48,Michigan State,16,-16.0
11/01/1980,Oregon State,13,Stanford,54,26.0
11/01/1980,Pacific,7,Utah State,21, 
11/01/1980,Pennsylvania,21,Princeton,28,14.0
11/01/1980,Pittsburgh,43,Syracuse,6,-12.0
11/01/1980,Purdue,52,Northwestern,31,-27.0
11/01/1980,Rice,17,Arkansas,16,14.0
11/01/1980,Rutgers,37,Army,21,-12.0
11/01/1980,South Carolina,10,Georgia,13,4.0
11/01/1980,San Diego State,6,Oklahoma State,15,7.0
11/01/1980,Southern Illinois,3,UL-Lafayette,21, 
11/01/1980,San Jose State,30,Baylor,22,20.5
11/01/1980,Texas-Arlington,17,McNeese State,31, 
11/01/1980,Texas Christian,5,Houston,37,16.0
11/01/1980,Temple,17,Louisville,12, 
11/01/1980,Texas,20,Texas Tech,24,-10.0
11/01/1980,Tulsa,2,Florida State,45,19.0
11/01/1980,Texas A+M,0,S-M-U,20,8.0
11/01/1980,U.C.L.A.,17,Arizona,23,-15.0
11/01/1980,Nevada-Las Vegas,72,New Mexico,7, 
11/01/1980,UTEP,7,Brigham Young,83, 
11/01/1980,Vanderbilt,14,Memphis,10,5.0
11/01/1980,Villanova,7,Delaware,17, 
11/01/1980,Virginia,16,Tennessee,13,12.0
11/01/1980,Virginia Military,22,Boston University,38, 
11/01/1980,Washington State,10,Oregon,20,11.0
11/01/1980,Western Carolina,24,Appalachian State,27, 
11/01/1980,Wichita State,15,Drake,38, 
11/01/1980,Wisconsin,13,Iowa,22,4.0
11/01/1980,William + Mary,23,East Carolina,31, 
11/01/1980,West Texas A+M,18,Indiana State,37, 
11/01/1980,West Virginia,11,Virginia Tech,34,4.0
11/01/1980,Wyoming,25,Colorado State,28, 
11/01/1980,Yale,35,Dartmouth,7,-3.0
11/08/1980,Air Force,24,Army,47,3.0
11/08/1980,Arkansas State,22,Lamar,23, 
11/08/1980,Appalachian State,16,Virginia Military,16, 
11/08/1980,Arizona,22,Washington,45,13.0
11/08/1980,Arkansas,15,Baylor,42,7.0
11/08/1980,Bowling Green,10,Central Michigan,32, 
11/08/1980,California,6,Arizona State,34,14.0
11/08/1980,The Citadel,24,South Carolina,45, 
11/08/1980,Colorado,7,Oklahoma State,42,9.0
11/08/1980,Columbia,0,Dartmouth,48,7.0
11/08/1980,Cornell,24,Yale,6,13.0
11/08/1980,Davidson,7,Furman,21, 
11/08/1980,East Carolina,10,Miami-Florida,23, 
11/08/1980,East Tennessee St,28,James Madison,23, 
11/08/1980,Florida,21,Georgia,26,7.0
11/08/1980,Fresno State,31,Southern Illinois,14, 
11/08/1980,Houston,13,Texas,15,1.0
11/08/1980,Iowa State,10,Missouri,14,14.0
11/08/1980,Illinois,42,Ohio State,49,26.0
11/08/1980,Illinois State,15,Eastern Michigan,7, 
11/08/1980,Indiana,7,Minnesota,31,-4.0
11/08/1980,Indiana State,7,Tulsa,30, 
11/08/1980,Iowa,13,Purdue,58,16.0
11/08/1980,Kent State,7,Ball State,34, 
11/08/1980,Kansas State,8,Nebraska,55,29.0
11/08/1980,Long Beach State,20,Fullerton State,10, 
11/08/1980,Louisville,23,Pittsburgh,41,28.5
11/08/1980,Louisiana State,7,Alabama,28,20.0
11/08/1980,Maine,7,Princeton,24, 
11/08/1980,Marshall,20,Ohio,28, 
11/08/1980,Massachusetts,17,Holy Cross,13, 
11/08/1980,McNeese State,45,Louisiana Tech,8, 
11/08/1980,Memphis,10,Cincinnati,14, 
11/08/1980,Michigan,24,Wisconsin,0,-19.0
11/08/1980,Mississippi College,22,UL-Monroe,40, 
11/08/1980,Navy,6,Syracuse,3,3.0
11/08/1980,North Carolina,24,Clemson,19,-7.0
11/08/1980,No Carolina State,13,Penn State,21,18.0
11/08/1980,Notre Dame,3,Georgia Tech,3,-20.0
11/08/1980,Nebraska-Omaha,0,Drake,17, 
11/08/1980,Northern Illinois,6,Toledo,13, 
11/08/1980,New Mexico,21,Utah,49, 
11/08/1980,New Mexico State,14,Wichita State,14, 
11/08/1980,North Texas,23,Brigham Young,41,16.0
11/08/1980,Northwestern,10,Michigan State,42,20.0
11/08/1980,Oklahoma,21,Kansas,19,-20.0
11/08/1980,Oregon,20,U.C.L.A.,14,13.0
11/08/1980,Oregon State,7,Washington State,28,15.0
11/08/1980,Rutgers,19,Virginia,17,2.0
11/08/1980,Southern Cal,34,Stanford,9,-7.0
11/08/1980,San Diego State,6,Hawaii,31, 
11/08/1980,San Jose State,28,Pacific,23, 
11/08/1980,Southern Miss,0,Auburn,31, 
11/08/1980,S-M-U,34,Rice,14,-7.0
11/08/1980,UL-Lafayette,30,Texas-Arlington,13, 
11/08/1980,Texas Tech,17,Texas Christian,24,-8.0
11/08/1980,UTEP,7,Colorado State,37, 
11/08/1980,Utah State,50,Weber State,13, 
11/08/1980,Vanderbilt,10,Kentucky,31,16.0
11/08/1980,Villanova,34,Pennsylvania,3,-25.0
11/08/1980,Virginia Tech,7,Florida State,31,16.0
11/08/1980,Western Carolina,14,Chattanooga,39, 
11/08/1980,Wake Forest,27,Duke,24,-1.0
11/08/1980,Western Michigan,24,Miami-Ohio,34, 
11/08/1980,William + Mary,13,Harvard,24,3.0
11/08/1980,West Virginia,41,Temple,28,-6.0
11/08/1980,Wyoming,26,Nevada-Las Vegas,33, 
11/15/1980,Arkansas State,14,Texas-Arlington,36, 
11/15/1980,Baylor,16,Rice,6,-14.0
11/15/1980,Cincinnati,0,Louisville,20, 
11/15/1980,Clemson,7,Maryland,34,8.0
11/15/1980,Central Michigan,22,Western Michigan,10, 
11/15/1980,Colgate,17,Bucknell,14, 
11/15/1980,Cornell,24,Columbia,0,-14.0
11/15/1980,Colorado State,14,Brigham Young,45,22.0
11/15/1980,Dartmouth,28,Brown,24,6.0
11/15/1980,Davidson,13,The Citadel,31, 
11/15/1980,Duke,21,No Carolina State,38,6.0
11/15/1980,Eastern Kentucky,28,East Carolina,16, 
11/15/1980,Florida,17,Kentucky,15,-1.0
11/15/1980,Fullerton State,21,San Jose State,33, 
11/15/1980,Georgia,31,Auburn,21,-7.0
11/15/1980,Harvard,28,Pennsylvania,17,-13.0
11/15/1980,Hawaii,24,Nevada-Las Vegas,19, 
11/15/1980,Illinois,24,Indiana,26,7.0
11/15/1980,Illinois State,19,Chattanooga,27, 
11/15/1980,Kansas,42,Colorado,3,-7.0
11/15/1980,Kent State,14,Miami-Ohio,49, 
11/15/1980,Lamar,3,McNeese State,35, 
11/15/1980,Louisiana State,31,Mississippi State,55,4.0
11/15/1980,Louisiana Tech,9,UL-Lafayette,27, 
11/15/1980,Michigan State,30,Minnesota,12,5.0
11/15/1980,Memphis,16,Tulane,21,23.0
11/15/1980,Miami-Florida,24,Vanderbilt,17,-16.0
11/15/1980,Mississippi,20,Tennessee,9,6.0
11/15/1980,Montana State,14,Fresno State,21, 
11/15/1980,Missouri,7,Oklahoma,17,8.0
11/15/1980,Navy,19,Georgia Tech,8,-5.0
11/15/1980,Notre Dame,7,Alabama,0,7.0
11/15/1980,Nebraska,35,Iowa State,0,-22.0
11/15/1980,UL-Monroe,18,North Texas,26, 
11/15/1980,New Mexico State,28,Indiana State,33, 
11/15/1980,Ohio,18,Ball State,37, 
11/15/1980,Ohio State,41,Iowa,7,-22.0
11/15/1980,Oklahoma State,10,Kansas State,0,-6.0
11/15/1980,Oregon,40,Oregon State,21,-21.0
11/15/1980,Pacific,35,Arizona,63, 
11/15/1980,Penn State,50,Temple,7,-19.0
11/15/1980,Pittsburgh,45,Army,7,-26.0
11/15/1980,Princeton,13,Yale,25,9.0
11/15/1980,Purdue,0,Michigan,26,5.0
11/15/1980,Richmond,12,Southern Miss,33, 
11/15/1980,San Diego State,28,UTEP,7, 
11/15/1980,S-M-U,0,Texas Tech,14,-8.0
11/15/1980,Syracuse,16,Boston College,27,6.0
11/15/1980,Texas,51,Texas Christian,26,-14.0
11/15/1980,Toledo,38,Marshall,10, 
11/15/1980,Tulsa,41,Southern Illinois,7, 
11/15/1980,Texas A+M,24,Arkansas,27,7.0
11/15/1980,U.C.L.A.,23,Arizona State,14,-2.0
11/15/1980,Utah State,27,Long Beach State,28, 
11/15/1980,Villanova,45,Holy Cross,13, 
11/15/1980,Virginia,3,North Carolina,26,16.0
11/15/1980,Virginia Military,6,Virginia Tech,21, 
11/15/1980,Washington,20,Southern Cal,10,13.0
11/15/1980,Washington State,31,California,17,-3.0
11/15/1980,Western Carolina,20,East Tennessee St,17, 
11/15/1980,Wake Forest,38,South Carolina,39,14.0
11/15/1980,Wichita State,20,West Texas A+M,18, 
11/15/1980,Wisconsin,39,Northwestern,19,-13.0
11/15/1980,Wofford,14,Furman,14, 
11/15/1980,West Virginia,24,Rutgers,15,5.0
11/15/1980,Wyoming,7,Air Force,25, 
11/22/1980,Air Force,10,Notre Dame,24,31.0
11/22/1980,Appalachian State,16,Wake Forest,28, 
11/22/1980,Arizona,24,Oregon State,7,-14.0
11/22/1980,Boston College,13,Massachusetts,12, 
11/22/1980,Brown,31,Columbia,13,-19.0
11/22/1980,Brigham Young,56,Utah,6, 
11/22/1980,Chattanooga,29,Vanderbilt,31, 
11/22/1980,The Citadel,15,Furman,28, 
11/22/1980,Colgate,13,Rutgers,35,15.5
11/22/1980,Colorado,14,Kansas State,17,10.0
11/22/1980,Dartmouth,24,Princeton,27,1.0
11/22/1980,Drake,7,Long Beach State,21, 
11/22/1980,Duke,21,North Carolina,44,19.0
11/22/1980,East Carolina,14,No Carolina State,36, 
11/22/1980,Eastern Michigan,6,Northern Illinois,38, 
11/22/1980,Fullerton State,26,Pacific,32, 
11/22/1980,Houston,34,Texas Tech,7,-6.0
11/22/1980,Iowa State,23,Oklahoma State,21,6.0
11/22/1980,Indiana,23,Purdue,24,11.0
11/22/1980,Indiana State,21,Ball State,28, 
11/22/1980,Iowa,41,Michigan State,0,7.0
11/22/1980,Kansas,6,Missouri,31,11.0
11/22/1980,Kentucky,14,Tennessee,45,4.0
11/22/1980,Louisville,6,Southern Miss,3, 
11/22/1980,Louisiana Tech,14,UL-Monroe,19, 
11/22/1980,Marshall,16,East Tennessee St,21, 
11/22/1980,Maryland,31,Virginia,0,-7.0
11/22/1980,Miami-Ohio,13,Cincinnati,23, 
11/22/1980,Michigan,9,Ohio State,3,4.0
11/22/1980,Minnesota,7,Wisconsin,25,-3.0
11/22/1980,Mississippi,14,Mississippi State,19,6.0
11/22/1980,New Mexico,22,San Diego State,24, 
11/22/1980,North Texas,8,Miami-Florida,26,8.5
11/22/1980,Ohio,21,Bowling Green,20, 
11/22/1980,Oklahoma,21,Nebraska,17,9.0
11/22/1980,Oregon,37,Arizona State,42,1.0
11/22/1980,Austin Peay,9,Arkansas State,14, 
11/22/1980,Pennsylvania,9,Cornell,31,16.0
11/22/1980,Pittsburgh,14,Penn State,9,-4.0
11/22/1980,Southern Cal,17,U.C.L.A.,20,-1.0
11/22/1980,South Carolina,6,Clemson,27,-7.0
11/22/1980,Stanford,23,California,28,-14.0
11/22/1980,UL-Lafayette,0,McNeese State,14, 
11/22/1980,Syracuse,20,West Virginia,7,7.0
11/22/1980,Texas-Arlington,44,Lamar,27, 
11/22/1980,Texas Christian,10,Texas A+M,13,10.0
11/22/1980,Temple,7,Villanova,23, 
11/22/1980,Texas,0,Baylor,16,2.0
11/22/1980,Toledo,14,Kent State,34, 
11/22/1980,Tulane,7,Louisiana State,24,4.0
11/22/1980,Tulsa,21,New Mexico State,20, 
11/22/1980,Utah State,44,San Jose State,38, 
11/22/1980,Washington,30,Washington State,23,-9.0
11/22/1980,Wichita State,0,Memphis,6, 
11/22/1980,William + Mary,14,Richmond,26, 
11/22/1980,West Texas A+M,23,Southern Illinois,20, 
11/22/1980,Wyoming,52,UTEP,7, 
11/22/1980,Yale,14,Harvard,0,-2.0
11/23/1980,Arkansas,7,S-M-U,31,5.0
11/29/1980,Air Force,12,Hawaii,20, 
11/29/1980,Alabama,34,Auburn,18,-17.0
11/29/1980,Army,6,Navy,33,18.0
11/29/1980,Arizona State,44,Arizona,7,-3.0
11/29/1980,Brigham Young,54,Nevada-Las Vegas,14, 
11/29/1980,Georgia Tech,20,Georgia,38,20.0
11/29/1980,Holy Cross,26,Boston College,27,23.0
11/29/1980,Miami-Florida,31,Florida,7,4.0
11/29/1980,Oklahoma State,14,Oklahoma,63,20.0
11/29/1980,Rhode Island,3,Brown,9, 
11/29/1980,Rice,35,Houston,7,18.0
11/29/1980,Tennessee,51,Vanderbilt,13,-12.0
11/29/1980,Texas Tech,16,Arkansas,22,5.0
11/29/1980,Texas A+M,24,Texas,14,12.0
11/29/1980,Utah,20,San Diego State,21, 
11/30/1980,Oregon State,3,U.C.L.A.,34,28.0
12/06/1980,Florida,13,Florida State,17,14.0
12/06/1980,Notre Dame,3,Southern Cal,20,-3.0
