Date,Visitor,Visitor Score,Home Team,Home Score,Line
08/28/1999,Arizona,7,Penn State,41,4.5
08/28/1999,Kansas,13,Notre Dame,48,17.0
08/28/1999,Louisiana Tech,7,Florida State,41,34.5
08/28/1999,No Carolina State,23,Texas,20,8.5
08/29/1999,Miami-Florida,23,Ohio State,12,5.0
09/02/1999,Maryland,6,Temple,0,-5.5
09/02/1999,Syracuse,35,Toledo,12,-13.5
09/02/1999,Eastern Illinois,17,Central Michigan,33, 
09/02/1999,Idaho,48,Eastern Washington,21, 
09/02/1999,Western Illinois,27,Northern Illinois,21, 
09/02/1999,Indiana State,7,Iowa State,33, 
09/02/1999,Nevada-Las Vegas,26,North Texas,3,2.0
09/02/1999,Oregon,20,Michigan State,27,9.5
09/02/1999,N Mexico Highlands,7,New Mexico State,73, 
09/04/1999,Baylor,29,Boston College,30,4.5
09/04/1999,Georgia Tech,49,Navy,14,-19.0
09/04/1999,Nebraska,42,Iowa,7,-23.5
09/04/1999,Stanford,17,Texas,69,11.0
09/04/1999,Virginia,20,North Carolina,17,2.5
09/04/1999,Ohio,7,Minnesota,33,22.0
09/04/1999,Alabama,28,Vanderbilt,17,-16.5
09/04/1999,Utah State,7,Georgia,38,27.5
09/04/1999,Akron,24,Penn State,70,44.5
09/04/1999,James Madison,0,Virginia Tech,47, 
09/04/1999,Murray State,10,Wisconsin,49, 
09/04/1999,Louisville,56,Kentucky,28,-3.5
09/04/1999,Miami-Ohio,28,Northwestern,3,-3.5
09/04/1999,Villanova,13,Air Force,37, 
09/04/1999,West Virginia,23,East Carolina,30,-6.0
09/04/1999,Arkansas State,3,Illinois,41,13.5
09/04/1999,Boise State,7,U.C.L.A.,38,29.0
09/04/1999,Bowling Green,10,Pittsburgh,30,7.0
09/04/1999,Notre Dame,22,Michigan,26,7.5
09/04/1999,U-A-B,28,Missouri,31,23.0
09/04/1999,Utah,27,Washington State,7,1.5
09/04/1999,Oregon State,28,Nevada-Reno,13,1.0
09/04/1999,Rutgers,7,California,21,18.0
09/04/1999,Marshall,13,Clemson,10,-2.0
09/04/1999,Purdue,47,U-C-F,13,-17.0
09/04/1999,Western Michigan,26,Florida,55,36.5
09/04/1999,Appalachian State,15,Auburn,22, 
09/04/1999,Ball State,9,Indiana,21,23.0
09/04/1999,Colorado State,41,Colorado,14,13.5
09/04/1999,Florida A+M,3,Miami-Florida,57, 
09/04/1999,Kent State,3,Cincinnati,41,18.5
09/04/1999,Middle Tennessee,7,Mississippi State,40,34.5
09/04/1999,Missouri State,21,Tulsa,45, 
09/04/1999,Wyoming,17,Tennessee,42,24.0
09/04/1999,South Carolina,0,No Carolina State,10,8.5
09/04/1999,Arkansas,26,S-M-U,0,-14.5
09/04/1999,Mississippi,3,Memphis,0,-14.0
09/04/1999,Nicholls State,10,UL-Monroe,27, 
09/04/1999,Rice,3,Houston,28,2.0
09/04/1999,San Jose State,21,Louisiana State,29,25.5
09/04/1999,UL-Lafayette,7,Oklahoma State,24,34.0
09/04/1999,Texas A+M,37,Louisiana Tech,17,-14.5
09/04/1999,South Florida,12,San Diego State,41, 
09/04/1999,New Mexico,10,UTEP,13,4.5
09/04/1999,Portland State,6,Fresno State,34, 
09/04/1999,Southern Cal,62,Hawaii,7,-27.0
09/05/1999,Arizona,35,Texas Christian,31,-13.5
09/06/1999,Tulane,14,Southern Miss,48,10.0
09/06/1999,Texas Tech,13,Arizona State,31,6.5
09/09/1999,Washington,28,Brigham Young,35,4.0
09/11/1999,Miami-Ohio,27,West Virginia,43,5.0
09/11/1999,Texas Christian,7,Northwestern,17,-8.0
09/11/1999,Wake Forest,34,Army,15,-2.5
09/11/1999,Ball State,10,Wisconsin,50,36.5
09/11/1999,Pittsburgh,17,Penn State,20,35.0
09/11/1999,Rice,3,Michigan,37,25.0
09/11/1999,Tulsa,9,Oklahoma State,48,9.5
09/11/1999,Houston,10,Alabama,37,14.0
09/11/1999,Eastern Michigan,7,Michigan State,51,32.0
09/11/1999,Tennessee Tech,15,Bowling Green,40, 
09/11/1999,U-A-B,10,Virginia Tech,31,25.0
09/11/1999,North Carolina,42,Indiana,30,0.0
09/11/1999,Connecticut,14,Kentucky,45, 
09/11/1999,Nevada-Reno,33,Colorado State,38,17.0
09/11/1999,Duke,9,East Carolina,27,4.5
09/11/1999,California,0,Nebraska,45,30.0
09/11/1999,Notre Dame,23,Purdue,28,5.0
09/11/1999,San Diego State,10,Illinois,38,-4.0
09/11/1999,San Jose State,35,Colorado,63,23.0
09/11/1999,Virginia,14,Clemson,33,-5.5
09/11/1999,Northern Illinois,31,Vanderbilt,34,17.0
09/11/1999,UTEP,28,Oregon,47,20.5
09/11/1999,Weber State,16,Wyoming,41, 
09/11/1999,South Carolina,9,Georgia,24,14.5
09/11/1999,U-C-F,27,Florida,58,36.0
09/11/1999,Navy,48,Kent State,28,-17.5
09/11/1999,S-M-U,19,Tulane,53,3.0
09/11/1999,Western Carolina,10,Maryland,51, 
09/11/1999,Youngstown State,28,Western Michigan,46, 
09/11/1999,Fresno State,23,Oregon State,46,3.0
09/11/1999,Akron,17,Buffalo,10,-19.0
09/11/1999,Arkansas State,14,Mississippi,38,32.0
09/11/1999,Chattanooga,30,Louisville,58, 
09/11/1999,Idaho,23,Auburn,30,10.5
09/11/1999,Iowa,10,Iowa State,17,4.0
09/11/1999,Liberty,3,Marshall,63, 
09/11/1999,Northern Iowa,36,Ohio,21, 
09/11/1999,Northwestern St(LA),6,Southern Miss,40, 
09/11/1999,Sam Houston State,17,Louisiana Tech,55, 
09/11/1999,Troy,31,Cincinnati,24, 
09/11/1999,Nevada-Las Vegas,27,Baylor,24,13.0
09/11/1999,William + Mary,9,No Carolina State,38, 
09/11/1999,Temple,0,Kansas State,40,34.0
09/11/1999,Indiana State,0,Oklahoma,49, 
09/11/1999,Northridge State,14,Kansas,71, 
09/11/1999,Central Michigan,7,Syracuse,47,30.5
09/11/1999,Georgia Tech,35,Florida State,41,18.0
09/11/1999,UL-Monroe,0,Minnesota,35,25.0
09/11/1999,North Texas,0,Louisiana State,52,34.0
09/11/1999,Texas,38,Rutgers,21,-21.0
09/11/1999,Texas Tech,38,UL-Lafayette,17,-23.0
09/11/1999,U.C.L.A.,20,Ohio State,42,10.0
09/11/1999,Memphis,10,Mississippi State,13,14.0
09/11/1999,Stephen F Austin,17,Utah State,51, 
09/11/1999,Middle Tennessee,19,Arizona,34,42.5
09/11/1999,New Mexico State,35,New Mexico,28,6.5
09/11/1999,Southern Utah,27,Boise State,35, 
09/11/1999,Washington State,17,Stanford,54,6.5
09/11/1999,Eastern Illinois,27,Hawaii,31, 
09/16/1999,Colorado State,13,Brigham Young,34,7.5
09/18/1999,Boston College,14,Navy,10,-7.0
09/18/1999,Central Michigan,16,Purdue,58,37.0
09/18/1999,Northwestern,15,Duke,12,8.5
09/18/1999,West Virginia,0,Maryland,33,-6.5
09/18/1999,Kentucky,44,Indiana,35,7.5
09/18/1999,Baylor,10,Oklahoma,41,12.0
09/18/1999,Vanderbilt,37,Mississippi,34,16.5
09/18/1999,Rice,13,Texas,18,26.0
09/18/1999,Toledo,23,Ball State,10,-6.5
09/18/1999,Eastern Michigan,14,Miami-Ohio,35,24.0
09/18/1999,Southern Miss,13,Nebraska,20,27.0
09/18/1999,UTEP,7,Kansas State,40,33.0
09/18/1999,Illinois State,7,Minnesota,55, 
09/18/1999,Michigan State,23,Notre Dame,13,6.5
09/18/1999,Temple,15,Akron,25,-1.0
09/18/1999,Air Force,31,Washington,21,4.0
09/18/1999,Kansas,17,Colorado,51,16.5
09/18/1999,Kent State,23,Pittsburgh,30,32.0
09/18/1999,No Carolina State,11,Florida State,42,28.0
09/18/1999,Ohio,16,Ohio State,40,43.0
09/18/1999,Penn State,27,Miami-Florida,23,-3.0
09/18/1999,San Diego State,21,Southern Cal,24,22.5
09/18/1999,Nevada-Reno,10,Oregon,72,16.0
09/18/1999,Washington State,17,Idaho,28,3.0
09/18/1999,Auburn,41,Louisiana State,7,9.0
09/18/1999,Louisiana Tech,29,Alabama,28,13.0
09/18/1999,Wofford,42,Middle Tennessee,52, 
09/18/1999,Army,28,Tulane,48,13.0
09/18/1999,Northern Illinois,0,Iowa,24,14.5
09/18/1999,Bowling Green,16,Marshall,35,22.0
09/18/1999,Buffalo,0,Connecticut,23, 
09/18/1999,U-C-F,10,Georgia Tech,41,30.0
09/18/1999,East Carolina,21,South Carolina,3,0.0
09/18/1999,Illinois,41,Louisville,36,12.0
09/18/1999,UL-Monroe,6,Arkansas,44,36.0
09/18/1999,North Texas,21,Texas Tech,14,31.0
09/18/1999,Oklahoma State,11,Mississippi State,29,3.0
09/18/1999,Wake Forest,7,Virginia,35,11.0
09/18/1999,Wisconsin,12,Cincinnati,17,-26.0
09/18/1999,Georgia Southern,41,Oregon State,48, 
09/18/1999,Western Michigan,34,Missouri,48,13.5
09/18/1999,Arkansas State,26,Memphis,31,17.5
09/18/1999,Michigan,18,Syracuse,13,-5.0
09/18/1999,UL-Lafayette,0,Houston,45,19.5
09/18/1999,Tennessee,21,Florida,23,2.5
09/18/1999,Utah State,18,Utah,38,18.0
09/18/1999,Northern Arizona,14,New Mexico,45, 
09/18/1999,Tulsa,13,Texas A+M,62,31.0
09/18/1999,New Mexico State,35,Arizona State,7,26.0
09/18/1999,Stanford,50,Arizona,22,14.0
09/18/1999,St Mary's,3,San Jose State,38, 
09/18/1999,Fresno State,21,U.C.L.A.,35,21.0
09/18/1999,Iowa State,24,Nevada-Las Vegas,0,-2.0
09/18/1999,Boise State,19,Hawaii,34,-5.5
09/23/1999,Clemson,11,Virginia Tech,31,12.5
09/25/1999,Boston College,27,Rutgers,7,-7.0
09/25/1999,No Carolina State,7,Wake Forest,31,-6.5
09/25/1999,West Virginia,7,Syracuse,30,12.5
09/25/1999,Indiana,24,Penn State,45,26.0
09/25/1999,Ball State,21,Army,41,9.5
09/25/1999,U-C-F,23,Georgia,24,27.5
09/25/1999,Michigan State,27,Illinois,10,-7.0
09/25/1999,Miami-Ohio,24,Central Michigan,16,-19.0
09/25/1999,Wyoming,10,Air Force,7,9.0
09/25/1999,Cincinnati,20,Ohio State,34,32.0
09/25/1999,Nebraska,40,Missouri,10,-17.0
09/25/1999,Kansas State,35,Iowa State,28,-15.5
09/25/1999,Michigan,21,Wisconsin,16,-3.0
09/25/1999,Mississippi,24,Auburn,17,3.0
09/25/1999,Northwestern,23,Purdue,31,27.5
09/25/1999,Hawaii,20,S-M-U,0,14.0
09/25/1999,Arkansas,28,Alabama,35,-3.0
09/25/1999,Colorado,24,Washington,31,-4.0
09/25/1999,Florida,38,Kentucky,10,-20.0
09/25/1999,Florida State,42,North Carolina,10,-20.0
09/25/1999,Oklahoma,42,Louisville,21,1.0
09/25/1999,U.C.L.A.,32,Stanford,42,-1.0
09/25/1999,Arizona,30,Washington State,24,-13.0
09/25/1999,Memphis,16,Tennessee,17,30.0
09/25/1999,Fresno State,49,Nevada-Reno,24,1.5
09/25/1999,Arizona State,23,California,24,-1.5
09/25/1999,Akron,17,Eastern Michigan,38,0.0
09/25/1999,Bowling Green,27,Kent State,41,-16.0
09/25/1999,Miami-Florida,23,East Carolina,27,-11.0
09/25/1999,Buffalo,6,Ohio,45,22.0
09/25/1999,Houston,10,U-A-B,29,-7.0
09/25/1999,Massachusetts,3,Toledo,24, 
09/25/1999,South Carolina,0,Mississippi State,17,13.0
09/25/1999,San Diego State,41,Kansas,13,1.5
09/25/1999,Texas Christian,24,Arkansas State,21,-16.0
09/25/1999,Temple,0,Marshall,34,28.0
09/25/1999,Texas,62,Baylor,0,-16.0
09/25/1999,Vanderbilt,31,Duke,14,3.5
09/25/1999,Western Michigan,24,Northern Illinois,21,-8.5
09/25/1999,Middle Tennessee,31,UL-Lafayette,45,2.5
09/25/1999,Navy,17,Rice,20,7.0
09/25/1999,Northwestern St(LA),7,UL-Monroe,38, 
09/25/1999,Southern Miss,6,Texas A+M,23,11.0
09/25/1999,Tulsa,10,San Jose State,34,4.0
09/25/1999,Virginia,45,Brigham Young,40,6.5
09/25/1999,New Mexico,9,Boise State,20,-3.0
09/25/1999,New Mexico State,23,UTEP,54,-3.0
09/25/1999,Utah,52,Nevada-Las Vegas,14,-14.5
09/25/1999,Southern Cal,30,Oregon,33,0.0
09/30/1999,Maryland,31,Georgia Tech,49,20.0
10/01/1999,Brigham Young,34,Utah State,31,-18.5
10/02/1999,Florida State,51,Duke,23,-40.0
10/02/1999,Navy,31,West Virginia,28,10.0
10/02/1999,Northeastern,22,Boston College,33, 
10/02/1999,Rice,20,Tulsa,10,-4.5
10/02/1999,Rutgers,10,Wake Forest,17,17.0
10/02/1999,Iowa,3,Michigan State,49,21.5
10/02/1999,Purdue,12,Michigan,38,7.0
10/02/1999,Minnesota,33,Northwestern,14,-6.5
10/02/1999,North Carolina,20,Clemson,31,5.0
10/02/1999,Oklahoma State,14,Nebraska,38,27.5
10/02/1999,Wisconsin,42,Ohio State,17,7.0
10/02/1999,East Carolina,33,Army,14,-12.5
10/02/1999,Tulane,17,Syracuse,47,14.5
10/02/1999,Arkansas,20,Kentucky,31,-9.5
10/02/1999,Akron,31,Ball State,9,0.0
10/02/1999,Illinois,31,Indiana,34,2.5
10/02/1999,Kansas State,35,Texas,17,5.5
10/02/1999,Marshall,32,Miami-Ohio,14,-3.5
10/02/1999,Mississippi State,42,Vanderbilt,14,-5.5
10/02/1999,S-M-U,9,Kansas,27,8.0
10/02/1999,Oklahoma,30,Notre Dame,34,6.0
10/02/1999,Idaho,13,Wyoming,28,10.0
10/02/1999,New Mexico State,7,Colorado State,46,15.0
10/02/1999,Virginia Tech,31,Virginia,7,-5.0
10/02/1999,Alabama,40,Florida,39,17.0
10/02/1999,Auburn,0,Tennessee,24,20.0
10/02/1999,Louisiana State,22,Georgia,23,9.0
10/02/1999,Missouri,27,Memphis,17,-2.5
10/02/1999,Temple,24,Pittsburgh,55,19.0
10/02/1999,California,7,Washington State,31,-4.0
10/02/1999,Oregon State,29,Southern Cal,37,14.0
10/02/1999,Nevada-Las Vegas,12,Nevada-Reno,26,11.0
10/02/1999,San Jose State,44,Stanford,39,18.5
10/02/1999,Central Michigan,16,Western Michigan,38,14.5
10/02/1999,Eastern Illinois,21,U-C-F,31, 
10/02/1999,Eastern Michigan,10,Louisville,45,23.0
10/02/1999,Kent State,3,Ohio,31,15.0
10/02/1999,Mississippi,36,South Carolina,10,-6.5
10/02/1999,UL-Monroe,0,U-A-B,47,13.5
10/02/1999,Northern Illinois,45,Buffalo,21,-15.5
10/02/1999,North Texas,10,Baylor,23,13.0
10/02/1999,Sam Houston State,20,Arkansas State,45, 
10/02/1999,Toledo,23,Bowling Green,34,-2.0
10/02/1999,Troy,48,Middle Tennessee,31, 
10/02/1999,Texas A+M,19,Texas Tech,21,-16.5
10/02/1999,Louisiana Tech,41,UL-Lafayette,31,-18.0
10/02/1999,Utah,20,Boise State,26,-18.0
10/02/1999,Air Force,23,San Diego State,22,-2.0
10/02/1999,Texas Christian,19,Fresno State,26,4.0
10/02/1999,U.C.L.A.,27,Arizona State,28,1.0
10/02/1999,Oregon,20,Washington,34,2.5
10/02/1999,UTEP,3,Hawaii,33,-4.0
10/07/1999,Louisville,52,Army,59,-14.0
10/07/1999,Syracuse,24,Pittsburgh,17,-9.5
10/09/1999,Air Force,19,Navy,14,-10.5
10/09/1999,Clemson,31,No Carolina State,35,-1.0
10/09/1999,Duke,24,Virginia,17,17.0
10/09/1999,Miami-Florida,21,Florida State,31,17.0
10/09/1999,Michigan,31,Michigan State,34,-2.5
10/09/1999,Iowa State,14,Nebraska,49,30.0
10/09/1999,North Carolina,24,Georgia Tech,31,17.0
10/09/1999,Purdue,22,Ohio State,25,2.0
10/09/1999,Boston College,14,Temple,24,-14.0
10/09/1999,Kentucky,30,South Carolina,10,-8.0
10/09/1999,Maryland,17,Wake Forest,14,0.0
10/09/1999,Miami-Ohio,45,Bowling Green,31,-8.0
10/09/1999,Central Michigan,38,Buffalo,19,-16.0
10/09/1999,Baylor,13,Texas A+M,45,30.0
10/09/1999,The Citadel,0,Vanderbilt,58, 
10/09/1999,Mississippi State,18,Auburn,16,-3.0
10/09/1999,Northwestern,17,Indiana,34,8.0
10/09/1999,Texas Tech,21,Oklahoma State,41,3.0
10/09/1999,Tulane,13,Mississippi,20,12.5
10/09/1999,Penn State,31,Iowa,7,-28.0
10/09/1999,Kansas,9,Kansas State,50,28.5
10/09/1999,Arizona State,17,Notre Dame,48,12.0
10/09/1999,Missouri,39,Colorado,46,11.5
10/09/1999,Southern Miss,39,East Carolina,22,-1.0
10/09/1999,Wisconsin,20,Minnesota,17,-2.5
10/09/1999,Ohio,28,Akron,41,1.0
10/09/1999,Texas,38,Oklahoma,28,-4.5
10/09/1999,Nevada-Las Vegas,35,Wyoming,32,25.0
10/09/1999,Ball State,17,Northern Illinois,37,9.0
10/09/1999,San Jose State,0,Texas Christian,42,6.0
10/09/1999,Cincinnati,20,Houston,23,6.5
10/09/1999,Oregon,29,U.C.L.A.,34,3.5
10/09/1999,Georgia,20,Tennessee,37,11.0
10/09/1999,UL-Lafayette,0,Washington State,44,20.5
10/09/1999,Florida,31,Louisiana State,10,-14.0
10/09/1999,Arkansas State,14,Utah State,20,11.5
10/09/1999,Eastern Washington,7,Boise State,41, 
10/09/1999,Virginia Tech,58,Rutgers,20,-30.0
10/09/1999,Western Michigan,40,Eastern Michigan,37,-8.5
10/09/1999,Washington,47,Oregon State,21,-2.5
10/09/1999,California,28,Brigham Young,38,13.5
10/09/1999,Kent State,7,Toledo,47,17.5
10/09/1999,Memphis,38,U-A-B,14,2.0
10/09/1999,Middle Tennessee,6,Arkansas,58,36.5
10/09/1999,UL-Monroe,0,Utah,42,28.0
10/09/1999,Nevada-Reno,23,New Mexico State,16,4.0
10/09/1999,New Mexico,24,San Diego State,21,16.5
10/09/1999,North Texas,10,Idaho,28,20.0
10/09/1999,S-M-U,28,UTEP,42,9.5
10/09/1999,Colorado State,13,Fresno State,44,-3.5
10/09/1999,Southern Cal,24,Arizona,31,1.0
10/09/1999,Rice,38,Hawaii,19,1.0
10/14/1999,Fresno State,14,S-M-U,24,-14.0
10/14/1999,Toledo,13,Marshall,38,22.5
10/16/1999,Iowa State,24,Missouri,21,8.0
10/16/1999,Ohio State,10,Penn State,23,11.5
10/16/1999,Pittsburgh,16,Boston College,20,-3.5
10/16/1999,San Jose State,7,Rice,49,9.0
10/16/1999,Virginia,47,No Carolina State,26,0.0
10/16/1999,Indiana,0,Wisconsin,59,14.5
10/16/1999,Minnesota,37,Illinois,7,-2.5
10/16/1999,Georgia Tech,38,Duke,31,-16.5
10/16/1999,Iowa,21,Northwestern,23,4.5
10/16/1999,Clemson,42,Maryland,30,0.0
10/16/1999,Northern Illinois,31,Central Michigan,27,1.0
10/16/1999,Rutgers,16,West Virginia,62,20.0
10/16/1999,Utah,21,Air Force,15,5.0
10/16/1999,Bowling Green,25,Akron,55,3.5
10/16/1999,Houston,20,North Carolina,12,7.0
10/16/1999,Georgia,27,Vanderbilt,17,-7.5
10/16/1999,Kansas,17,Texas A+M,34,31.0
10/16/1999,Miami-Ohio,17,Kent State,10,-24.5
10/16/1999,Utah State,0,Kansas State,40,30.0
10/16/1999,Southern Cal,24,Notre Dame,25,7.5
10/16/1999,Army,0,Southern Miss,24,24.0
10/16/1999,San Diego State,17,Colorado State,10,6.5
10/16/1999,Alabama,30,Mississippi,24,-3.0
10/16/1999,California,17,U.C.L.A.,0,13.0
10/16/1999,Florida,32,Auburn,14,-17.0
10/16/1999,Michigan State,28,Purdue,52,-2.0
10/16/1999,UL-Lafayette,32,Tulane,48,27.0
10/16/1999,U-A-B,24,Cincinnati,21,6.0
10/16/1999,Boise State,10,North Texas,17,-7.0
10/16/1999,Middle Tennessee,18,Louisiana Tech,42,29.5
10/16/1999,Idaho,30,Arkansas State,24,-8.0
10/16/1999,Oregon State,17,Stanford,21,8.0
10/16/1999,Buffalo,17,Western Michigan,45,33.0
10/16/1999,Nicholls State,0,U-C-F,28, 
10/16/1999,Ohio,26,Eastern Michigan,27,1.0
10/16/1999,Arizona State,28,Washington,7,9.5
10/16/1999,Colorado,10,Texas Tech,31,-6.0
10/16/1999,Louisiana State,5,Kentucky,31,4.0
10/16/1999,South Carolina,14,Arkansas,48,23.0
10/16/1999,Wake Forest,10,Florida State,33,32.5
10/16/1999,Tulsa,17,Texas Christian,56,17.0
10/16/1999,Louisville,32,Memphis,31,-2.5
10/16/1999,Syracuse,0,Virginia Tech,62,12.0
10/16/1999,Wyoming,38,UL-Monroe,20,-23.5
10/16/1999,Brigham Young,31,New Mexico,7,-16.5
10/16/1999,UTEP,21,Arizona,34,23.0
10/23/1999,Akron,35,Navy,29,10.0
10/23/1999,Marshall,59,Buffalo,3,-44.5
10/23/1999,Miami-Florida,31,Boston College,28,-18.0
10/23/1999,No Carolina State,31,Duke,24,1.0
10/23/1999,Pittsburgh,38,Rutgers,15,-15.0
10/23/1999,U-A-B,3,Wake Forest,47,6.0
10/23/1999,Nebraska,20,Texas,24,-9.0
10/23/1999,Ball State,0,Western Michigan,28,19.5
10/23/1999,Bowling Green,14,Ohio,17,6.0
10/23/1999,Eastern Michigan,20,Toledo,13,10.5
10/23/1999,Kentucky,34,Georgia,49,4.0
10/23/1999,North Carolina,7,Maryland,45,7.0
10/23/1999,New Mexico State,18,Army,35,6.5
10/23/1999,Temple,17,West Virginia,20,17.0
10/23/1999,Kent State,7,Northern Illinois,50,14.0
10/23/1999,Colorado,16,Iowa State,12,1.5
10/23/1999,Houston,33,Louisville,39,5.0
10/23/1999,Kansas State,44,Oklahoma State,21,-7.5
10/23/1999,Indiana,38,Iowa,31,-2.5
10/23/1999,Louisiana State,16,Mississippi State,17,14.0
10/23/1999,Cincinnati,20,Southern Miss,28,17.5
10/23/1999,San Diego State,16,Utah,38,6.5
10/23/1999,Texas Christian,21,Rice,42,-1.0
10/23/1999,Texas A+M,6,Oklahoma,51,-4.0
10/23/1999,Colorado State,24,Wyoming,13,2.0
10/23/1999,Illinois,35,Michigan,29,24.5
10/23/1999,Michigan State,10,Wisconsin,40,2.0
10/23/1999,Ohio State,20,Minnesota,17,2.5
10/23/1999,Penn State,31,Purdue,25,-3.5
10/23/1999,Tennessee,21,Alabama,7,-3.0
10/23/1999,Arkansas State,14,North Texas,10,0.0
10/23/1999,Hawaii,35,Tulsa,21,-3.0
10/23/1999,Tulane,7,East Carolina,52,10.0
10/23/1999,U.C.L.A.,7,Oregon State,55,-1.5
10/23/1999,Utah State,3,Idaho,31,7.0
10/23/1999,Stanford,35,Southern Cal,31,7.5
10/23/1999,UL-Monroe,31,UL-Lafayette,7,3.0
10/23/1999,UTEP,23,Fresno State,24,11.0
10/23/1999,Nevada-Reno,17,Boise State,52,-2.5
10/23/1999,Louisiana Tech,48,U-C-F,35,-6.0
10/23/1999,Brigham Young,29,Nevada-Las Vegas,0,-17.0
10/23/1999,Florida State,17,Clemson,14,-16.0
10/23/1999,Missouri,0,Kansas,21,-8.0
10/23/1999,Texas Tech,35,Baylor,7,-9.0
10/23/1999,Vanderbilt,11,South Carolina,10,-5.0
10/23/1999,Washington State,21,Arizona State,33,8.0
10/23/1999,Oregon,44,Arizona,41,3.0
10/23/1999,Washington,31,California,27,-3.0
10/28/1999,Utah,24,Colorado State,31,1.5
10/30/1999,Boston College,24,Syracuse,23,19.0
10/30/1999,Clemson,12,Wake Forest,3,-4.0
10/30/1999,Central Michigan,7,Bowling Green,31,5.5
10/30/1999,No Carolina State,21,Georgia Tech,48,18.0
10/30/1999,South Carolina,7,Tennessee,30,33.0
10/30/1999,West Virginia,20,Miami-Florida,28,17.0
10/30/1999,Nebraska,24,Kansas,17,-31.0
10/30/1999,Purdue,33,Minnesota,28,-2.5
10/30/1999,Texas Tech,7,Missouri,34,1.0
10/30/1999,Duke,25,Maryland,22,9.0
10/30/1999,Georgia,14,Florida,30,14.0
10/30/1999,Louisiana Tech,34,Toledo,17,-6.0
10/30/1999,Penn State,27,Illinois,7,-16.5
10/30/1999,Rutgers,28,Temple,56,10.0
10/30/1999,Oklahoma,24,Colorado,38,-3.5
10/30/1999,Furman,28,North Carolina,3, 
10/30/1999,Western Michigan,24,Akron,10,0.0
10/30/1999,Air Force,20,Brigham Young,27,7.5
10/30/1999,Buffalo,20,Kent State,41,14.5
10/30/1999,Cincinnati,52,Miami-Ohio,42,4.0
10/30/1999,Michigan,34,Indiana,31,-17.0
10/30/1999,Middle Tennessee,0,UL-Monroe,10,6.0
10/30/1999,Ohio,37,Ball State,25,-7.5
10/30/1999,Oklahoma State,3,Texas A+M,21,11.0
10/30/1999,Texas,44,Iowa State,41,-10.5
10/30/1999,U-A-B,14,Louisville,23,12.0
10/30/1999,Baylor,7,Kansas State,48,37.5
10/30/1999,Navy,24,Notre Dame,28,27.0
10/30/1999,Fresno State,28,Tulsa,14,-15.0
10/30/1999,Rice,2,S-M-U,27,-10.5
10/30/1999,Southern Miss,14,Alabama,35,1.5
10/30/1999,Boise State,33,Utah State,27,3.0
10/30/1999,Arizona,33,U.C.L.A.,7,-3.5
10/30/1999,East Carolina,19,Houston,3,-4.5
10/30/1999,Iowa,11,Ohio State,41,22.0
10/30/1999,Southern Cal,7,California,17,-5.5
10/30/1999,Stanford,30,Washington,35,3.0
10/30/1999,Virginia Tech,30,Pittsburgh,17,-22.0
10/30/1999,Wisconsin,35,Northwestern,19,-21.5
10/30/1999,Eastern Michigan,6,U-C-F,31,7.5
10/30/1999,Northern Illinois,9,Marshall,41,26.0
10/30/1999,Oregon State,27,Washington State,13,-4.0
10/30/1999,North Texas,28,Nevada-Reno,41,11.0
10/30/1999,UL-Lafayette,27,Arkansas State,31,11.5
10/30/1999,Memphis,49,Tulane,7,1.0
10/30/1999,Arizona State,17,Oregon,20,7.0
10/30/1999,Auburn,10,Arkansas,34,7.5
10/30/1999,Florida State,35,Virginia,10,-13.5
10/30/1999,Idaho,14,New Mexico State,42,-5.5
10/30/1999,Mississippi,42,Louisiana State,23,-4.5
10/30/1999,Nevada-Las Vegas,6,New Mexico,27,8.5
10/30/1999,San Jose State,26,UTEP,42,6.5
10/30/1999,Texas Christian,34,Hawaii,14,-5.0
11/04/1999,Kentucky,22,Mississippi State,23,7.0
11/06/1999,Duke,7,Clemson,58,12.5
11/06/1999,Georgia Tech,38,Virginia,45,-6.5
11/06/1999,Maryland,17,No Carolina State,30,-1.5
11/06/1999,Toledo,32,Central Michigan,13,-6.5
11/06/1999,Wake Forest,19,North Carolina,3,-8.5
11/06/1999,Baylor,10,Kansas,45,14.0
11/06/1999,Minnesota,24,Penn State,23,14.0
11/06/1999,Akron,23,Miami-Ohio,32,9.0
11/06/1999,Vanderbilt,6,Florida,13,29.0
11/06/1999,Hofstra,20,Buffalo,13, 
11/06/1999,Texas A+M,0,Nebraska,37,13.5
11/06/1999,Arkansas,16,Mississippi,38,-1.0
11/06/1999,U-C-F,10,Auburn,28,10.5
11/06/1999,East Carolina,17,U-A-B,36,-12.0
11/06/1999,Iowa State,16,Texas Tech,28,2.5
11/06/1999,Marshall,28,Kent State,16,-34.0
11/06/1999,Southern Miss,20,Memphis,5,-6.5
11/06/1999,Texas,34,Oklahoma State,21,-8.0
11/06/1999,Illinois,40,Iowa,24,-6.5
11/06/1999,Colorado,14,Kansas State,20,16.0
11/06/1999,Army,0,Air Force,28,15.0
11/06/1999,Louisville,23,Cincinnati,13,-1.0
11/06/1999,Missouri,0,Oklahoma,37,11.5
11/06/1999,Wyoming,43,Utah,29,8.5
11/06/1999,Arkansas State,10,Boise State,63,9.5
11/06/1999,Colorado State,36,New Mexico,22,-7.0
11/06/1999,Idaho,42,Nevada-Reno,33,-2.5
11/06/1999,New Mexico State,14,Utah State,6,3.0
11/06/1999,Arizona State,26,Southern Cal,16,6.0
11/06/1999,Hawaii,62,San Jose State,41,2.0
11/06/1999,Louisiana State,17,Alabama,23,18.0
11/06/1999,Miami-Florida,33,Pittsburgh,3,-8.0
11/06/1999,Navy,34,Rutgers,7,-14.5
11/06/1999,Northwestern,3,Michigan,37,25.0
11/06/1999,Ohio State,7,Michigan State,23,5.5
11/06/1999,Temple,10,Syracuse,27,18.0
11/06/1999,Tulane,31,Houston,36,12.5
11/06/1999,Virginia Tech,22,West Virginia,20,-19.0
11/06/1999,Wisconsin,28,Purdue,21,1.0
11/06/1999,California,7,Oregon State,17,8.5
11/06/1999,Rice,18,Fresno State,47,2.5
11/06/1999,Ball State,21,Eastern Michigan,31,11.0
11/06/1999,UL-Monroe,17,Louisiana Tech,58,26.0
11/06/1999,Tennessee-Martin,14,Middle Tennessee,70, 
11/06/1999,Notre Dame,14,Tennessee,38,9.5
11/06/1999,Washington,33,Arizona,25,4.0
11/06/1999,Brigham Young,30,San Diego State,7,-6.5
11/06/1999,Tulsa,43,UTEP,19,14.5
11/06/1999,Washington State,10,Oregon,52,15.0
11/11/1999,No Carolina State,6,North Carolina,10,-11.0
11/13/1999,Clemson,42,Georgia Tech,45,5.0
11/13/1999,Illinois,46,Ohio State,20,10.5
11/13/1999,Indiana,20,Minnesota,44,14.0
11/13/1999,Iowa,3,Wisconsin,41,31.5
11/13/1999,Michigan State,34,Northwestern,0,-19.0
11/13/1999,Maryland,10,Florida State,49,33.0
11/13/1999,Miami-Ohio,28,Ohio,40,-5.5
11/13/1999,Michigan,31,Penn State,27,6.0
11/13/1999,Mississippi State,7,Alabama,19,4.5
11/13/1999,Syracuse,21,Rutgers,24,-29.0
11/13/1999,Tulane,21,Navy,45,8.5
11/13/1999,West Virginia,17,Boston College,34,3.0
11/13/1999,Texas A+M,51,Missouri,14,-7.0
11/13/1999,Cincinnati,34,East Carolina,48,10.0
11/13/1999,Kansas State,15,Nebraska,41,8.5
11/13/1999,Wake Forest,35,Duke,48,-3.5
11/13/1999,Texas Tech,7,Texas,58,15.0
11/13/1999,Ball State,14,Bowling Green,35,15.5
11/13/1999,Buffalo,21,Virginia,50,49.0
11/13/1999,Eastern Michigan,26,Central Michigan,29,-3.5
11/13/1999,Florida,20,South Carolina,3,-27.0
11/13/1999,Marshall,31,Western Michigan,17,-12.0
11/13/1999,Northern Illinois,14,Toledo,44,5.5
11/13/1999,Kent State,34,Akron,37,16.5
11/13/1999,Army,10,Memphis,14,12.0
11/13/1999,Colorado,37,Baylor,0,-21.5
11/13/1999,Idaho,33,Montana,30, 
11/13/1999,Kansas,13,Oklahoma State,45,7.0
11/13/1999,Louisiana Tech,41,U-A-B,20,-5.5
11/13/1999,Oklahoma,31,Iowa State,10,-7.0
11/13/1999,Tennessee,24,Arkansas,28,-8.5
11/13/1999,Nevada-Las Vegas,16,Air Force,35,25.0
11/13/1999,Brigham Young,17,Wyoming,31,-7.0
11/13/1999,UL-Monroe,37,Tulsa,34,8.5
11/13/1999,Northridge State,16,S-M-U,58, 
11/13/1999,UL-Lafayette,0,Southern Miss,48,36.0
11/13/1999,UTEP,30,Rice,29,8.5
11/13/1999,New Mexico State,26,Boise State,45,8.0
11/13/1999,North Texas,3,Texas Christian,27,22.0
11/13/1999,Auburn,38,Georgia,21,10.0
11/13/1999,Notre Dame,27,Pittsburgh,37,-9.0
11/13/1999,Oregon,24,California,19,-7.0
11/13/1999,Washington,20,U.C.L.A.,23,-7.5
11/13/1999,Kentucky,19,Vanderbilt,17,-3.0
11/13/1999,Nevada-Reno,28,Arkansas State,44,-3.0
11/13/1999,Stanford,50,Arizona State,30,3.0
11/13/1999,U-C-F,39,Middle Tennessee,14,-14.0
11/13/1999,New Mexico,7,Utah,52,12.5
11/13/1999,Southern Cal,31,Washington State,28,-8.0
11/13/1999,Miami-Florida,10,Virginia Tech,43,9.5
11/13/1999,Houston,20,Louisiana State,7,3.0
11/13/1999,Arizona,20,Oregon State,28,2.5
11/13/1999,Fresno State,24,Hawaii,31,-3.5
11/18/1999,Air Force,21,Colorado State,41,2.0
11/20/1999,Georgia Tech,23,Wake Forest,26,-10.0
11/20/1999,No Carolina State,6,East Carolina,23,8.5
11/20/1999,Ohio State,17,Michigan,24,12.5
11/20/1999,Rutgers,0,Miami-Florida,55,33.0
11/20/1999,Minnesota,25,Iowa,21,-20.0
11/20/1999,Purdue,30,Indiana,24,-12.5
11/20/1999,Iowa State,28,Kansas,31,3.0
11/20/1999,Penn State,28,Michigan State,35,1.5
11/20/1999,Bowling Green,33,U-C-F,30,11.0
11/20/1999,Buffalo,0,Miami-Ohio,43,33.0
11/20/1999,Clemson,31,South Carolina,21,-14.5
11/20/1999,Central Michigan,27,Ball State,21,-2.5
11/20/1999,Houston,26,Army,14,-5.0
11/20/1999,Virginia,34,Maryland,30,-8.5
11/20/1999,Virginia Tech,62,Temple,7,-29.0
11/20/1999,Western Michigan,21,Toledo,45,2.5
11/20/1999,Duke,0,North Carolina,38,-3.0
11/20/1999,Northwestern,7,Illinois,29,14.0
11/20/1999,Tennessee,56,Kentucky,21,-12.5
11/20/1999,Georgia,20,Mississippi,17,5.5
11/20/1999,Mississippi State,9,Arkansas,14,7.0
11/20/1999,Oklahoma,28,Texas Tech,38,-13.0
11/20/1999,Oklahoma State,34,Baylor,14,-20.0
11/20/1999,Utah,20,Brigham Young,17,6.5
11/20/1999,Missouri,0,Kansas State,66,24.5
11/20/1999,Boston College,31,Notre Dame,29,9.5
11/20/1999,S-M-U,28,Tulsa,14,-4.0
11/20/1999,Eastern Michigan,23,Northern Illinois,30,5.0
11/20/1999,UTEP,24,Texas Christian,52,10.5
11/20/1999,Utah State,37,Nevada-Reno,35,3.0
11/20/1999,California,13,Stanford,31,11.0
11/20/1999,Florida State,30,Florida,23,-3.0
11/20/1999,Memphis,21,Cincinnati,13,-2.5
11/20/1999,Washington State,14,Washington,24,14.0
11/20/1999,North Texas,9,New Mexico State,22,12.0
11/20/1999,San Diego State,37,Nevada-Las Vegas,7,-13.0
11/20/1999,Southern Miss,30,Louisville,27,-4.5
11/20/1999,Boise State,45,Idaho,14,2.5
11/20/1999,Wofford,34,UL-Lafayette,37, 
11/20/1999,U-A-B,23,Tulane,20,-2.5
11/20/1999,Oregon State,14,Oregon,25,6.0
11/20/1999,San Jose State,12,Fresno State,63,16.0
11/20/1999,U.C.L.A.,7,Southern Cal,17,7.0
11/20/1999,East Tennessee St,7,Middle Tennessee,24, 
11/20/1999,New Mexico,28,Wyoming,42,17.0
11/20/1999,Alabama,28,Auburn,17,-4.0
11/20/1999,Navy,41,Hawaii,48,-2.5
11/25/1999,Mississippi,20,Mississippi State,23,4.5
11/26/1999,Texas,16,Texas A+M,20,-2.5
11/26/1999,Ohio,3,Marshall,34,25.5
11/26/1999,Arkansas,10,Louisiana State,35,-11.0
11/26/1999,Boston College,14,Virginia Tech,38,24.0
11/26/1999,Nebraska,33,Colorado,30,-15.0
11/26/1999,S-M-U,0,Texas Christian,21,12.5
11/26/1999,Louisiana Tech,19,Southern Cal,45,1.5
11/27/1999,Pittsburgh,21,West Virginia,52,1.5
11/27/1999,Vanderbilt,10,Tennessee,38,23.5
11/27/1999,Arizona,27,Arizona State,42,-1.5
11/27/1999,Georgia,48,Georgia Tech,51,5.0
11/27/1999,Air Force,28,New Mexico,33,-11.5
11/27/1999,Oklahoma State,7,Oklahoma,44,13.0
11/27/1999,Syracuse,13,Miami-Florida,45,10.5
11/27/1999,Utah State,34,North Texas,7,-4.5
11/27/1999,Colorado State,35,Nevada-Las Vegas,17,-22.0
11/27/1999,Wyoming,7,San Diego State,39,-1.5
11/27/1999,Notre Dame,37,Stanford,40,6.0
11/27/1999,Washington State,22,Hawaii,14,4.5
12/03/1999,Western Michigan,30,Marshall,34,20.5
12/04/1999,Navy,19,Army,9,-6.5
12/04/1999,Temple,0,Miami-Florida,55,29.0
12/04/1999,Texas,6,Nebraska,22,8.0
12/04/1999,Alabama,34,Florida,7,7.0
