Tier,Player,Position,Team,Bye,Kendall Valenzuela,Matthew Berry,Matthew Freedman,Dwain McFarland,Consensus,Last Week Difference,,ADP,Difference vs. ADP,Utilization Score
1,Jahmyr Gibbs,RB,DET,6,2,2,2,1,1,0,0,2.5,0.8,91
1,Bijan Robinson,RB,ATL,11,1,1,3,2,2,0,0,1.3,-0.5,95
1,Ja'Marr Chase,WR,CIN,6,3,4,1,4,3,0,0,2.8,-0.2,92
1,Puka Nacua,WR,LA,11,4,3,4,3,4,0,0,4.4,0.9,92
2,Jaxon Smith-Njigba,WR,SEA,11,5,5,5,6,5,0,0,5.8,0.6,92
2,Christian McCaffrey,RB,SF,8,8,6,7,5,6,0,0,5.9,-0.6,98
2,Amon-Ra St. Brown,WR,DET,6,6,7,8,7,7,0,0,9.5,2.5,88
2,Justin Jefferson,WR,MIN,6,9,8,6,9,8,0,0,12.1,4.1,73
2,CeeDee Lamb,WR,DAL,14,7,11,9,8,9,0,0,8.7,-0.1,75
2,Jonathan Taylor,RB,IND,13,10,9,13,10,10,0,0,7.3,-3.2,90
3,James Cook,RB,BUF,7,12,10,10,11,11,0,0,9.8,-1.0,76
3,De'Von Achane,RB,MIA,6,11,18,11,12,12,0,0,13.5,0.5,92
3,Kenneth Walker,RB,KC,5,14,15,17,13,13,1,1,21.1,6.4,61
3,Drake London,WR,ATL,11,13,17,12,17,14,-1,-1,16.5,1.8,83
3,Ashton Jeanty,RB,LV,13,15,12,20,14,15,0,0,13,-2.3,84
3,Saquon Barkley,RB,PHI,10,19,13,19,15,16,0,0,15.1,-1.4,83
3,Chase Brown,RB,CIN,6,16,14,25,16,17,0,0,16.7,-1.1,85
3,A.J. Brown,WR,NE,11,17,19,18,18,18,0,0,29,11.0,76
3,DeVonta Smith,WR,PHI,10,18,23,16,21,19,0,0,31.4,11.9,67
3,Nico Collins,WR,HOU,8,22,21,15,23,20,1,1,20.1,-0.2,73
3,Derrick Henry,RB,BAL,13,20,16,30,19,21,3,3,20.2,-1.1,68
3,Trey McBride,TE,ARI,14,23,24,14,27,22,-2,-2,22.4,0.4,98
3,Brock Bowers,TE,LV,13,21,25,22,20,23,-1,-1,19.8,-2.2,90
3,Omarion Hampton,RB,LAC,7,24,20,24,22,24,-1,-1,19.4,-3.1,71
3,Jeremiyah Love,RB,ARI,14,25,22,23,26,25,0,0,25.9,1.9,
3,Rashee Rice,WR,KC,5,26,27,32,24,26,0,0,34.8,7.6,79
3,Josh Allen,QB,BUF,7,29,29,26,25,27,0,0,18.5,-8.8,
3,Chris Olave,WR,NO,8,27,28,27,30,28,0,0,29.8,1.8,86
3,George Pickens,WR,DAL,14,33,26,31,29,29,0,0,22.3,-7.5,78
4,Tee Higgins,WR,CIN,6,36,35,37,33,30,2,2,35.6,0.4,67
4,Lamar Jackson,QB,BAL,13,32,48,29,32,31,0,0,32.4,-2.9,
4,Josh Jacobs,RB,GB,11,28,34,35,44,32,3,3,30.1,-5.2,74
4,Breece Hall,RB,NYJ,13,37,30,46,28,33,0,0,39.1,3.9,72
4,Garrett Wilson,WR,NYJ,13,30,38,39,37,34,-4,-4,42,6.0,76
4,Colston Loveland,TE,CHI,10,35,39,34,39,35,-1,-1,37.7,1.0,73
4,Javonte Williams,RB,DAL,14,31,36,47,34,36,1,1,37.6,0.6,78
4,Tetairoa McMillan,WR,CAR,5,40,43,33,35,37,-1,-1,35.7,-2.1,72
4,Emeka Egbuka,WR,TB,10,34,32,45,40,38,0,0,51.8,14.1,65
4,Kyren Williams,RB,LA,11,41,33,41,38,39,1,1,32.3,-6.0,77
4,Malik Nabers,WR,NYG,8,46,47,21,47,40,-1,-1,26.8,-13.5,76
4,Zay Flowers,WR,BAL,13,53,31,48,31,41,0,0,45.5,4.8,74
4,Davante Adams,WR,LA,11,38,46,38,48,42,1,1,47.4,4.9,76
4,Luther Burden,WR,CHI,10,39,42,49,43,43,3,3,57.8,14.6,38
4,Jaylen Waddle,WR,DEN,10,44,41,44,45,44,1,1,53.4,9.9,64
4,Travis Etienne,RB,NO,8,47,37,55,36,45,-3,-3,39.5,-4.3,73
4,Drake Maye,QB,NE,11,42,57,28,49,46,-2,-2,41,-3.0,
4,Ladd McConkey,WR,LAC,7,51,40,50,42,47,0,0,44.6,-1.2,61
4,Cam Skattebo,RB,NYG,8,43,44,63,41,48,0,0,45.2,-2.6,74
4,David Montgomery,RB,HOU,8,45,50,52,50,49,0,0,59.6,10.4,45
4,Mike Evans,WR,SF,8,56,52,54,46,50,0,0,66.9,14.9,65
4,Bucky Irving,RB,TB,10,48,54,40,66,51,0,0,46.4,-5.6,78
4,Jameson Williams,WR,DET,6,63,51,42,57,52,1,1,60.7,7.5,64
4,Jayden Daniels,QB,WAS,7,65,59,36,55,53,1,1,52.2,-1.6,
4,DJ Moore,WR,BUF,7,57,55,43,60,54,1,1,65.9,12.2,54
4,Terry McLaurin,WR,WAS,7,59,45,59,53,55,-3,-3,61.8,7.8,63
4,Jaylen Warren,RB,PIT,9,64,60,51,52,56,12,12,75.5,18.8,64
4,Jalen Hurts,QB,PHI,10,50,65,58,54,57,0,0,54.2,-2.6,
4,Joe Burrow,QB,CIN,6,52,68,53,58,58,1,1,44.5,-13.3,
4,Jordyn Tyson,WR,NO,8,54,58,69,51,59,-1,-1,83.8,25.8,
4,Quinshon Judkins,RB,CLE,11,55,53,67,64,60,-4,-4,56.6,-3.2,66
5,Carnell Tate,WR,TEN,9,61,63,60,59,61,1,1,75.8,15.1,
5,TreVeyon Henderson,RB,NE,11,60,64,56,67,62,-2,-2,53.6,-8.2,53
5,Bhayshul Tuten,RB,JAC,7,58,56,71,62,63,-2,-2,68.6,6.9,26
5,Christian Watson,WR,GB,11,66,62,65,56,64,0,0,73.1,10.9,62
5,D'Andre Swift,RB,CHI,10,70,49,61,70,65,-2,-2,52,-10.5,70
5,Tyler Warren,TE,IND,13,71,61,64,68,66,-1,-1,49.1,-16.9,74
5,Rome Odunze,WR,CHI,10,62,66,76,63,67,-1,-1,70.7,4.0,65
5,Caleb Williams,QB,CHI,10,73,73,62,61,68,-1,-1,72.6,5.4,
5,Tucker Kraft,TE,GB,11,75,76,57,77,69,2,2,59.5,-11.8,73
5,Rhamondre Stevenson,RB,NE,11,67,72,68,78,70,-1,-1,87.3,16.1,67
5,DK Metcalf,WR,PIT,9,77,71,66,71,71,1,1,88.3,17.1,64
5,Chuba Hubbard,RB,CAR,5,68,69,79,79,72,1,1,65.2,-8.6,54
5,Parker Washington,WR,JAC,7,84,67,91,69,73,2,2,106.4,28.7,58
5,Justin Herbert,QB,LAC,7,76,75,73,88,74,2,2,64.6,-13.4,
5,Josh Downs,WR,IND,13,80,82,87,65,75,2,2,125.8,47.3,48
5,Brian Thomas,WR,JAC,7,88,70,85,72,76,-2,-2,96.1,17.4,60
5,Courtland Sutton,WR,DEN,10,79,87,78,75,77,1,1,91.7,12.0,70
5,Jaxson Dart,QB,NYG,8,82,84,70,85,78,1,1,68,-12.3,
5,Jadarian Price,RB,SEA,11,49,83,99,93,79,-9,-9,67.6,-13.4,
5,Alec Pierce,WR,IND,13,94,78,72,84,80,5,5,79.6,-2.4,64
5,Trevor Lawrence,QB,JAC,7,74,80,90,87,81,1,1,87.8,5.1,
5,Harold Fannin,TE,CLE,11,69,93,75,94,82,-1,-1,66.5,-16.3,76
5,RJ Harvey,RB,DEN,10,72,91,74,97,83,-3,-3,86.5,3.0,59
5,Brock Purdy,QB,SF,8,81,86,80,90,84,-1,-1,102.6,18.4,
6,Chris Godwin,WR,TB,10,85,79,113,73,85,2,2,99.5,12.0,51
6,Jayden Reed,WR,GB,11,89,97,93,76,86,5,5,125.6,36.9,40
6,Sam LaPorta,TE,DET,6,90,90,84,92,87,3,3,66.9,-22.1,71
6,Michael Wilson,WR,ARI,14,93,95,86,82,88,-2,-2,87.9,-1.1,68
6,Rico Dowdle,RB,PIT,9,97,88,77,98,89,-1,-1,81.7,-8.3,65
6,Kyle Pitts,TE,ATL,11,91,96,89,89,90,2,2,74.2,-17.1,83
6,Makai Lemon,WR,PHI,10,78,105,109,74,91,2,2,89.9,-1.6,
6,Wan'Dale Robinson,WR,TEN,9,102,101,81,86,92,7,7,128.8,36.3,74
6,Kenneth Gainwell,RB,TB,10,83,98,88,101,93,1,1,113.2,20.7,66
6,Michael Pittman,WR,PIT,9,87,89,115,80,94,1,1,121.4,28.7,61
6,Dak Prescott,QB,DAL,14,99,85,100,91,95,2,2,79,-14.8,
6,Tony Pollard,RB,TEN,9,92,74,118,95,96,-7,-7,92.1,-2.7,67
6,Jakobi Meyers,WR,JAC,7,86,94,106,96,97,-1,-1,119.4,23.9,62
6,J.K. Dobbins,RB,DEN,10,98,107,83,100,98,0,0,102.5,5.5,59
6,Marvin Harrison,WR,ARI,14,105,77,101,109,99,-15,-15,77.4,-20.6,60
6,Kyle Monangai,RB,CHI,10,96,103,82,114,100,1,1,95.2,-3.6,47
6,Patrick Mahomes,QB,KC,5,101,99,98,99,101,-1,-1,96.2,-3.1,
6,Jordan Addison,WR,MIN,6,110,81,127,81,102,0,0,120.8,21.1,59
6,Blake Corum,RB,LA,11,95,104,92,111,103,0,0,97.7,-2.8,34
6,Quentin Johnston,WR,LAC,7,115,92,123,83,104,0,0,128.5,25.3,60
6,Aaron Jones,RB,MIN,6,103,117,95,108,105,2,2,115,9.3,64
6,George Kittle,TE,SF,8,108,106,94,116,106,0,0,98.4,-7.6,80
6,Bo Nix,QB,DEN,10,104,102,103,118,107,-2,-2,100.9,-5.9,
6,Ricky Pearsall,WR,SF,8,109,108,112,104,108,1,1,111.9,3.7,55
6,KC Concepcion,WR,CLE,11,114,114,102,105,109,-1,-1,131.7,23.0,
6,Kyler Murray,QB,MIN,6,111,100,105,122,110,0,0,103.2,-6.3,
7,Rachaad White,RB,WAS,7,100,113,137,107,111,0,0,124.8,10.6,51
7,Jordan Mason,RB,MIN,6,112,127,119,103,112,0,0,128.3,13.1,45
7,Matthew Stafford,QB,LA,11,113,111,111,127,113,0,0,101.3,-14.2,
7,Travis Kelce,TE,KC,5,124,112,110,123,114,1,1,93.7,-23.6,75
7,Jake Ferguson,TE,DAL,14,127,120,97,128,115,5,5,107,-11.0,72
7,Jacory Croskey-Merritt,RB,WAS,7,106,132,121,113,116,0,0,110.5,-7.5,40
7,Dalton Kincaid,TE,BUF,7,126,118,96,134,117,-3,-3,92.5,-26.0,63
7,Jordan Love,QB,GB,11,119,121,117,129,118,-1,-1,124.5,3.0,
7,Romeo Doubs,WR,NE,11,134,122,128,110,119,-1,-1,130.3,6.8,59
7,Jonathon Brooks,RB,CAR,5,149,119,120,106,120,1,1,121.8,-1.7,
7,Malik Willis,QB,MIA,6,129,123,104,140,121,-2,-2,118.4,-5.6,
7,Omar Cooper,WR,NYJ,13,118,145,114,124,122,1,1,130.4,5.2,
7,Jared Goff,QB,DET,6,131,116,129,125,123,1,1,116.4,-8.9,
7,Mark Andrews,TE,BAL,13,122,134,126,120,124,-2,-2,116.4,-9.1,59
7,Dallas Goedert,TE,PHI,10,128,129,130,121,125,0,0,101.9,-25.1,76
7,Chris Rodriguez,RB,JAC,7,120,125,155,112,126,0,0,130.9,2.9,33
7,Xavier Worthy,WR,KC,5,139,109,166,102,127,0,0,127.5,-1.5,47
7,Tyler Shough,QB,NO,8,145,115,125,133,128,0,0,128.8,-0.7,
7,Baker Mayfield,QB,TB,10,125,131,132,131,129,0,0,129.1,-0.7,
7,Tyler Allgeier,RB,ARI,14,107,157,107,158,130,0,0,128.8,-3.5,34
7,Oronde Gadsden,TE,LAC,7,132,150,108,141,131,0,0,119.6,-13.2,64
7,Matthew Golden,WR,GB,11,138,110,169,117,132,0,0,132.2,-1.3,32
7,Isaiah Likely,TE,NYG,8,130,128,139,138,133,0,0,111.3,-22.5,42
7,Tyrone Tracy,RB,NYG,8,150,130,134,130,134,0,0,129.6,-6.4,62
7,Zach Charbonnet,RB,SEA,11,116,160,122,148,135,0,0,125,-11.5,52
7,Stefon Diggs,WR,Free Agent,0,123,135,176,115,136,2,2,132.9,-4.4,56
7,Chig Okonkwo,TE,WAS,7,133,139,144,135,137,-1,-1,129.6,-8.2,54
7,Khalil Shakir,WR,BUF,7,137,133,164,119,138,-1,-1,132.3,-6.0,54
7,Alvin Kamara,RB,NO,8,117,165,116,161,139,0,0,130.1,-9.7,68
7,Jayden Higgins,WR,HOU,8,143,137,153,132,140,0,0,134.4,-6.9,41
7,Kenyon Sadiq,TE,NYJ,13,135,143,154,139,141,1,1,127.8,-15.0,
7,Jalen Coker,WR,CAR,5,158,126,165,126,142,1,1,135.3,-8.5,52
7,Denzel Boston,WR,CLE,11,121,174,133,147,143,-2,-2,131.4,-12.4,
7,Rashid Shaheed,WR,SEA,11,151,124,168,137,144,0,0,127.4,-17.6,46
8,De'Zhaun Stribling,WR,SF,8,142,,135,166,145,1,1,,,
8,Tyjae Spears,RB,TEN,9,155,154,136,146,146,-1,-1,130.2,-17.6,52
8,C.J. Stroud,QB,HOU,8,161,141,147,143,147,1,1,125.3,-22.7,
8,Keaton Mitchell,RB,LAC,7,147,136,178,136,148,-1,-1,136.3,-13.0,20
8,Hunter Henry,TE,NE,11,140,155,161,150,149,0,0,126.8,-24.7,68
8,Isiah Pacheco,RB,DET,6,159,152,156,142,150,0,0,128.1,-24.2,51
8,Houston Texans,DST,HOU,8,,156,150,151,151,1,1,90.9,-61.4,
8,Jonah Coleman,RB,DEN,10,160,168,131,152,152,-1,-1,131.1,-21.7,
8,Jo'quavioius Marks,RB,HOU,8,152,153,171,145,153,1,1,131.2,-24.1,58
8,Brenton Strange,TE,JAC,7,141,146,180,157,154,1,1,124.8,-31.2,65
8,Sam Darnold,QB,SEA,11,162,138,152,174,155,1,1,124,-32.5,
8,Mike Washington,RB,LV,13,163,,124,183,156,-3,-3,128.3,-28.4,
8,Denver Broncos,DST,DEN,10,,162,162,149,157,2,2,105.3,-52.4,
8,Jauan Jennings,WR,MIN,6,144,144,177,168,158,0,0,132.3,-26.0,58
8,Dylan Sampson,RB,CLE,11,170,173,141,155,159,2,2,133.7,-26.1,33
8,Juwan Johnson,TE,NO,8,136,142,208,154,160,-3,-3,129.6,-30.4,74
8,Travis Hunter,WR,JAC,7,146,179,173,144,161,-1,-1,128.2,-32.3,51
8,Cam Ward,QB,TEN,9,176,149,138,185,162,1,1,126.5,-35.5,
8,Daniel Jones,QB,IND,13,168,159,159,163,163,-1,-1,133.2,-29.1,
8,Seattle Seahawks,DST,SEA,11,,169,167,153,164,1,1,105,-58.0,
8,Germie Bernard,WR,PIT,9,172,176,145,173,165,-1,-1,,,
8,Los Angeles Rams,DST,LA,11,,170,172,159,166,5,5,102,-65.0,
8,Kayshon Boutte,WR,NE,11,166,,143,192,167,2,2,,,46
8,Emmett Johnson,RB,KC,5,157,,158,198,168,-2,-2,132.8,-38.2,
8,Antonio Williams,WR,WAS,7,153,187,181,164,169,1,1,136.7,-34.6,
8,Jalen McMillan,WR,TB,10,165,140,207,179,170,-3,-3,,,40
8,Nicholas Singleton,RB,TEN,9,154,202,140,201,171,1,1,135.2,-39.1,
8,T.J. Hockenson,TE,MIN,6,187,161,194,156,172,1,1,131.6,-42.9,59
8,Philadelphia Eagles,DST,PHI,10,,185,170,170,173,11,11,124,-51.0,
8,Chris Bell,WR,MIA,6,148,,142,235,174,-6,-6,,,
8,Brandon Aiyuk,WR,SF,8,177,207,149,167,175,7,7,132.8,-42.2,
8,Brian Robinson,RB,ATL,11,192,163,186,160,176,-1,-1,127.8,-47.5,19
8,Kaytron Allen,RB,WAS,7,167,204,146,187,177,-3,-3,,,
8,Jerry Jeudy,WR,CLE,11,174,166,183,182,178,0,0,,,55
8,Calvin Ridley,WR,TEN,9,186,183,151,188,179,-2,-2,,,45
8,Sean Tucker,RB,TB,10,184,177,148,202,180,-1,-1,,,24
8,Kaelon Black,RB,SF,8,156,,157,227,181,-5,-5,,,
8,Deebo Samuel,WR,Free Agent,0,173,147,227,178,182,9,9,134.5,-46.8,58
8,Tank Bigsby,RB,PHI,10,182,180,195,169,183,-3,-3,138.5,-43.0,19
8,Los Angeles Chargers,DST,LAC,7,,198,185,165,184,10,10,137.7,-45.0,
8,Jalen Nailor,WR,LV,13,228,148,196,162,185,-2,-2,,,35
8,Brandon Aubrey,K,DAL,14,,151,187,214,186,9,9,83.7,-100.3,
8,Minnesota Vikings,DST,MIN,6,,190,182,181,187,9,9,130,-54.3,
8,Dalton Schultz,TE,HOU,8,175,175,202,186,188,-7,-7,130.9,-53.6,69
8,Adonai Mitchell,WR,NYJ,13,183,167,201,203,189,-4,-4,,,39
8,Tre Tucker,WR,LV,13,210,158,222,171,190,-3,-3,,,55
8,James Conner,RB,ARI,14,180,,175,217,191,-2,-2,131.3,-59.4,61
8,Bryce Young,QB,CAR,5,185,164,213,204,192,-4,-4,126.3,-65.2,
8,Baltimore Ravens,DST,BAL,13,,196,188,191,193,9,9,134.2,-57.5,
8,Zachariah Branch,WR,ATL,11,181,211,200,176,194,-8,-8,,,
8,New England Patriots,DST,NE,11,,191,184,205,195,14,14,130.5,-62.8,
8,Fernando Mendoza,QB,LV,13,169,213,179,213,196,-6,-6,125.7,-67.8,
8,Ka'imi Fairbairn,K,HOU,8,,171,191,219,197,11,11,117,-76.7,
8,Braelon Allen,RB,NYJ,13,164,218,163,233,198,-6,-6,,,23
8,Pittsburgh Steelers,DST,PIT,9,,188,193,209,199,15,15,136.3,-60.4,
8,Tank Dell,WR,HOU,8,196,220,205,172,200,-7,-7,,,
8,Aaron Rodgers,QB,PIT,9,178,172,243,207,202,-5,-5,114.9,-85.1,
9,Cameron Dicker,K,LAC,7,,181,198,221,201,15,15,129.8,-70.2,
9,Eli Stowers,TE,PHI,10,188,,174,239,203,-5,-5,,,
9,Cam Little,K,JAC,7,,195,192,222,204,20,20,127.9,-75.1,
9,Jason Myers,K,SEA,11,,184,199,231,205,23,23,128.3,-76.4,
9,AJ Barner,TE,SEA,11,199,193,228,200,206,-7,-7,132.1,-72.9,55
9,Elijah Sarratt,WR,BAL,13,197,,197,223,207,-6,-6,,,
9,Adam Randall,RB,BAL,13,195,,160,263,208,-5,-5,,,
9,Isaac TeSlaa,WR,DET,6,212,208,219,189,209,-9,-9,,,22
9,Gunnar Helm,TE,TEN,9,200,186,267,177,210,-3,-3,,,42
9,Greg Dulcich,TE,MIA,6,201,182,253,196,211,-5,-5,,,44
9,Tre Harris,WR,LAC,7,215,192,242,184,212,-8,-8,,,24
9,Jacksonville Jaguars,DST,JAC,7,,197,190,241,213,23,23,135.7,-73.6,
9,Eddy Pineiro,K,SF,8,,189,212,236,214,25,25,143.5,-68.8,
9,Dontayvion Wicks,WR,PHI,10,198,205,231,218,215,-4,-4,,,32
9,Jacoby Brissett,QB,ARI,14,171,212,255,216,216,-6,-6,,,
9,Ryan Flournoy,WR,DAL,14,227,178,270,180,217,-4,-4,,,34
9,Malik Washington,WR,MIA,6,191,201,288,175,218,2,2,,,35
9,Bryce Lance,WR,NO,8,,,214,,219,-14,-14,,,
9,Cleveland Browns,DST,CLE,11,,199,220,224,220,20,20,137,-77.3,
9,Ray Davis,RB,BUF,7,234,194,237,193,221,1,1,,,18
9,Pat Bryant,WR,DEN,10,193,,223,229,222,-7,-7,,,28
9,Kimani Vidal,RB,LAC,7,179,,218,249,223,-11,-11,,,57
9,Demond Claiborne,RB,MIN,6,222,,232,195,224,-7,-7,,,
9,Ted Hurst,WR,TB,10,211,,244,197,225,-6,-6,,,
9,Jordan James,RB,SF,8,189,,216,247,226,-5,-5,,,14
9,Terrance Ferguson,TE,LA,11,206,203,263,199,227,-9,-9,133.6,-84.2,32
9,Green Bay Packers,DST,GB,11,,,189,248,228,15,15,138.7,-79.8,
9,Will Reichard,K,MIN,6,,219,,,229,-4,-4,140.6,-78.4,
9,Buffalo Bills,DST,BUF,7,,,211,232,230,23,23,132.6,-88.9,
9,Justice Hill,RB,BAL,13,214,,247,208,231,-5,-5,,,37
9,Evan McPherson,K,CIN,6,,,204,243,232,27,27,145.8,-77.7,
9,Geno Smith,QB,NYJ,13,203,200,275,220,233,-6,-6,,,
9,Darnell Mooney,WR,NYG,8,216,,229,230,234,-5,-5,,,47
9,Cade Otton,TE,TB,10,229,,236,211,235,-5,-5,,,61
9,Chris Brazzell,WR,CAR,5,208,,245,226,236,-5,-5,,,
9,Kansas City Chiefs,DST,KC,5,,,203,250,237,23,23,135.4,-91.1,
9,Jaydon Blue,RB,DAL,14,226,,260,194,238,-5,-5,,,23
9,Tyquan Thornton,WR,KC,5,204,,268,212,239,-7,-7,,,31
9,Tyler Loop,K,BAL,13,,214,210,266,240,16,16,142.1,-87.9,
9,Jake Bates,K,DET,6,,209,217,267,241,21,21,138.3,-92.7,
9,Caleb Douglas,WR,MIA,6,207,,238,251,242,-8,-8,,,
9,Andres Borregales,K,NE,11,,,215,252,243,27,27,,,
9,Skyler Bell,WR,BUF,7,230,,235,237,244,-7,-7,,,
9,Emanuel Wilson,RB,SEA,11,224,,221,257,245,-10,-10,134,-100.0,30
9,MarShawn Lloyd,RB,GB,11,,210,310,190,246,-8,-8,,,
9,Cairo Santos,K,CHI,10,,215,233,270,247,24,24,145.3,-94.0,
9,Erick All,TE,CIN,6,,,,240,248,-7,-7,,,
9,Pat Freiermuth,TE,PIT,9,246,216,281,225,249,-7,-7,123.5,-118.5,47
9,Chase McLaughlin,K,TB,10,,,224,261,250,30,30,142,-100.5,
9,Harrison Mevis,K,LA,11,,206,249,278,251,33,33,139.6,-104.7,
9,Malachi Fields,WR,NYG,8,220,,269,245,252,-6,-6,,,
9,Detroit Lions,DST,DET,6,,,234,258,253,33,33,137.4,-108.6,
9,Mike Gesicki,TE,CIN,6,240,,246,253,254,-9,-9,,,45
9,Cooper Kupp,WR,SEA,11,242,,284,215,255,-4,-4,,,48
9,Chris Boswell,K,PIT,9,,217,250,274,256,26,26,142.4,-104.6,
9,George Holani,RB,SEA,11,218,,286,238,257,-8,-8,,,24
9,Troy Franklin,WR,DEN,10,190,,272,283,258,-14,-14,,,54
9,Rashod Bateman,WR,BAL,13,245,,279,228,259,-4,-4,,,32
9,Isaiah Davis,RB,NYJ,13,247,,251,254,260,30,30,,,27
9,Elic Ayomanor,WR,TEN,9,213,,266,276,261,-11,-11,,,50
9,Jaylin Noel,WR,HOU,8,221,,262,273,262,-10,-10,,,18
9,Kaleb Johnson,RB,PIT,9,237,,209,311,263,-16,-16,,,8
9,Jaylen Wright,RB,MIA,6,238,,226,293,264,-16,-16,,,26
9,David Njoku,TE,LAC,7,241,,259,265,265,-8,-8,127.5,-127.5,50
9,Tyreek Hill,WR,Free Agent,0,,,206,306,266,-43,-43,132.3,-123.7,73
9,Chris Brooks,RB,GB,11,251,,313,210,267,-3,-3,132.6,-125.4,16
9,Chimere Dike,WR,TEN,9,202,,261,313,268,-10,-10,,,39
9,Harrison Butker,K,KC,5,,,241,277,269,37,37,131.4,-127.6,
9,Ja'Kobi Lane,WR,BAL,13,243,,256,281,270,-7,-7,,,
9,Tua Tagovailoa,QB,ATL,11,265,,285,234,271,-6,-6,,,
9,Jake Tonges,TE,SF,8,253,,230,307,272,-11,-11,,,39
9,Samaje Perine,RB,CIN,6,,,321,206,273,0,0,,,36
9,Evan Engram,TE,DEN,10,244,,291,256,274,-7,-7,,,48
9,Seth McGowan,RB,IND,13,,,225,303,275,-21,-21,,,
9,Colby Parkinson,TE,LA,11,236,,305,255,276,-4,-4,,,50
9,Christian Kirk,WR,SF,8,235,,290,272,277,-8,-8,,,37
9,Wil Lutz,K,DEN,10,,,252,284,278,41,41,131.6,-136.4,
9,Najee Harris,RB,Free Agent,0,219,,240,347,279,26,26,,,23
9,DJ Giddens,RB,IND,13,232,,264,310,280,-12,-12,,,10
9,Mason Taylor,TE,NYJ,13,231,,257,320,281,-15,-15,,,62
9,Jack Bech,WR,LV,13,,,293,246,282,-7,-7,,,18
9,Atlanta Falcons,DST,ATL,11,,,248,297,283,40,40,140.6,-131.9,
9,Max Klare,TE,LA,11,209,,273,344,284,-8,-8,,,
9,San Francisco 49ers,DST,SF,8,,,276,275,285,39,39,126.8,-148.7,
9,Theo Johnson,TE,NYG,8,194,,309,330,286,-8,-8,,,67
9,Tory Horton,WR,SEA,11,252,,294,289,287,-10,-10,,,35
9,Carolina Panthers,DST,CAR,5,,,278,279,288,44,44,,,
9,Keenan Allen,WR,Free Agent,0,249,,307,282,289,27,27,,,60
9,Brashard Smith,RB,KC,5,248,,239,351,290,-7,-7,,,22
9,Ty Johnson,RB,BUF,7,,,265,294,291,-17,-17,,,32
9,Kyle Williams,WR,NE,11,233,,282,328,292,-13,-13,,,14
9,Malik Davis,RB,DAL,14,260,,283,302,293,-12,-12,,,23
9,Kendre Miller,RB,NO,8,217,,258,370,294,-6,-6,,,26
9,Shedeur Sanders,QB,CLE,11,264,,322,262,295,-6,-6,,,
9,Michael Penix,QB,ATL,11,263,,306,280,296,-9,-9,,,
9,Charlie Smyth,K,NO,8,,,280,288,297,46,46,,,
9,Brenen Thompson,WR,LAC,7,256,,334,268,298,-6,-6,,,
9,Hollywood Brown,WR,PHI,10,,,274,299,299,-14,-14,,,44
9,Deshaun Watson,QB,CLE,11,,,316,260,300,-7,-7,,,
9,Charlie Kolar,TE,LAC,7,,,336,242,301,-4,-4,,,15
9,Ollie Gordon,RB,MIA,6,259,,254,355,302,-11,-11,,,21
9,Jonnu Smith,TE,Free Agent,0,,,,290,303,39,39,,,39
9,J.J. McCarthy,QB,MIN,6,205,,350,317,304,-10,-10,,,
9,Keon Coleman,WR,BUF,7,266,,303,305,305,-9,-9,,,44
9,Devin Neal,RB,NO,8,223,,289,372,306,-6,-6,,,44
9,Darnell Washington,TE,PIT,9,,,296,298,307,-12,-12,,,35
9,Dawson Knox,TE,BUF,7,262,,326,304,308,-9,-9,,,45
9,Trey Benson,RB,ARI,14,261,,271,365,309,-6,-6,,,56
9,Devaughn Vele,WR,NO,8,,,312,286,310,-12,-12,,,29
9,Marvin Mims,WR,DEN,10,239,,301,358,311,-3,-3,,,34
9,Oscar Delp,TE,NO,8,255,,300,346,312,-8,-8,,,
9,Joe Mixon,RB,Free Agent,0,225,,287,389,313,13,13,,,
9,Michael Mayer,TE,LV,13,,,343,259,314,-12,-12,,,43
10,Mack Hollins,WR,NE,11,,,314,296,315,-14,-14,,,44
10,Darius Slayton,WR,NYG,8,,,311,301,316,-9,-9,,,47
10,New Orleans Saints,DST,NO,8,,,342,271,317,44,44,,,
10,Nate Boerkircher,TE,JAC,7,257,,,356,318,-6,-6,,,
10,Eli Heidenreich,RB,PIT,9,,,304,312,319,-10,-10,,,
10,Elijah Arroyo,TE,SEA,11,250,,340,335,320,-6,-6,,,27
10,Jerome Ford,RB,WAS,7,,,277,343,321,-6,-6,,,29
10,Eli Raridon,TE,NE,11,,,333,287,322,-12,-12,,,
10,Emari Demercado,RB,KC,5,,,302,321,323,-12,-12,,,26
10,Kendrick Bourne,WR,ARI,14,,,299,325,324,-11,-11,,,32
10,Kevin Coleman,WR,MIA,6,,,381,244,325,-8,-8,,,
10,Devin Singletary,RB,NYG,8,258,,320,361,326,-8,-8,,,32
10,Zavion Thomas,WR,CHI,10,254,,337,374,327,1,1,,,
10,Marlin Klein,TE,HOU,8,267,,,378,328,3,3,,,
10,Ja'Tavion Sanders,TE,CAR,5,,,347,300,329,-9,-9,,,39
10,Michael Carter,RB,TEN,9,,,325,,330,-5,-5,,,51
10,KaVontae Turpin,WR,DAL,14,,,332,319,331,-9,-9,,,25
10,Darren Waller,TE,Free Agent,0,,,359,292,332,50,50,,,62
10,Xavier Legette,WR,CAR,5,,,315,339,333,-6,-6,,,41
10,Malik Benson,WR,LV,13,,,323,332,334,-4,-4,,,
10,Isaac Guerendo,RB,SF,8,,,292,363,335,-2,-2,,,
10,Zane Gonzalez,K,MIA,6,,,328,,336,58,58,,,
10,Kirk Cousins,QB,LV,13,,,330,,337,0,0,,,
10,Odell Beckham,WR,NYG,8,,,,331,338,-17,-17,,,
10,Andrei Iosivas,WR,CIN,6,,,368,295,339,-10,-10,,,37
10,Tampa Bay Buccaneers,DST,TB,10,,,401,264,340,24,24,,,
10,Trevor Etienne,RB,CAR,5,,,297,369,341,-3,-3,,,5
10,Tai Felton,WR,MIN,6,,,298,368,342,-6,-6,,,4
10,Noah Gray,TE,KC,5,,,318,348,343,-8,-8,,,27
10,LeQuint Allen,RB,JAC,7,,,295,373,344,-3,-3,,,15
10,Cole Kmet,TE,CHI,10,,,345,323,345,-11,-11,,,43
10,Jaylin Lane,WR,WAS,7,,,341,336,346,-7,-7,,,20
10,Chicago Bears,DST,CHI,10,,,408,269,347,27,27,130.1,-208.4,
10,Phil Mafah,RB,DAL,14,,,353,327,348,-8,-8,,,35
10,Justin Joly,TE,DEN,10,,,339,342,349,-4,-4,,,
10,Ben Sinnott,TE,WAS,7,,,331,353,350,-3,-3,,,14
10,Olamide Zaccheaus,WR,ATL,11,,,369,316,351,-7,-7,,,32
10,Cedric Tillman,WR,CLE,11,,,338,349,352,-6,-6,,,32
10,Jared Wiley,TE,KC,5,,,344,,353,-2,-2,,,4
10,Tennessee Titans,DST,TEN,9,,,404,285,354,34,34,,,
10,New York Giants,DST,NYG,8,,,398,291,355,35,35,128.3,-216.2,
10,Jarquez Hunter,RB,LA,11,,,308,387,356,-2,-2,,,
10,Deion Burks,WR,IND,13,,,319,379,357,-2,-2,,,
10,Carson Beck,QB,ARI,14,,,349,,358,-2,-2,,,
10,Justin Fields,QB,KC,5,,,354,345,359,-6,-6,,,
10,Devontez Walker,WR,BAL,13,,,379,322,360,-10,-10,,,13
10,DeMario Douglas,WR,NE,11,,,386,315,361,-13,-13,,,26
10,Daniel Bellinger,TE,TEN,9,,,351,,362,-4,-4,,,29
10,Joshua Palmer,WR,BUF,7,,,378,326,363,-14,-14,,,30
10,Calvin Austin,WR,NYG,8,,,371,333,364,-12,-12,,,37
10,Cade Klubnik,QB,NYJ,13,,,352,,365,-6,-6,,,
10,Luke McCaffrey,WR,WAS,7,,,329,377,366,-4,-4,,,24
10,Will Kacmarek,TE,MIA,6,,,,354,367,-10,-10,,,
10,Jalen Tolbert,WR,MIA,6,,,402,308,368,32,32,,,24
10,Foster Moreau,TE,HOU,8,,,355,,369,-4,-4,,,12
10,Mac Jones,QB,SF,8,,,356,,370,-3,-3,,,
10,Indianapolis Colts,DST,IND,13,,,397,318,371,34,34,,,
10,Tahj Brooks,RB,CIN,6,,,357,360,372,-6,-6,,,9
10,Roman Hemby,RB,LV,13,,,360,359,373,-10,-10,,,
10,J'Mari Taylor,RB,JAC,7,,,324,396,374,24,24,,,
10,Tyler Higbee,TE,LA,11,,,346,375,375,-4,-4,,,42
10,Will Shipley,RB,PHI,10,,,361,,376,-3,-3,,,10
10,Las Vegas Raiders,DST,LV,13,,,413,309,377,25,25,,,
10,Savion Williams,WR,GB,11,,,395,329,378,-18,-18,,,8
10,Julian Hill,TE,NE,11,,,362,,379,37,37,,,20
10,Ashton Dulin,WR,IND,13,,,,362,380,-12,-12,,,7
10,Konata Mumpfield,WR,LA,11,,,327,398,381,-5,-5,,,11
10,Jaleel McLaughlin,RB,DEN,10,,,317,408,382,15,15,,,18
10,Dont'e Thornton,WR,LV,13,,,373,352,383,-14,-14,,,19
10,Marcus Mariota,QB,WAS,7,,,363,,384,-9,-9,,,
10,Jalen Royals,WR,KC,5,,,376,350,385,-15,-15,,,2
10,Audric Estime,RB,NO,8,,,335,392,386,20,20,,,49
10,New York Jets,DST,NYJ,13,,,414,314,387,23,23,,,
10,Isaiah Bond,WR,CLE,11,,,372,357,388,-11,-11,,,27
10,Dallas Cowboys,DST,DAL,14,,,405,324,389,25,25,126.1,-238.4,
10,Jawhar Jordan,RB,HOU,8,,,366,,390,-12,-12,,,40
10,Cyrus Allen,WR,KC,5,,,391,341,391,-19,-19,,,
10,Austin Hooper,TE,ATL,11,,,348,385,392,-13,-13,,,26
10,Roman Wilson,WR,PIT,9,,,,367,393,-13,-13,,,16
10,Jam Miller,RB,NE,11,,,367,,394,-13,-13,,,
10,Miami Dolphins,DST,MIA,6,,,400,338,395,30,30,,,
10,Ty Simpson,QB,LA,11,,,364,376,396,-13,-13,,,
10,Taylen Green,QB,CLE,11,,,370,,397,20,20,,,
10,Tez Johnson,WR,TB,10,,,377,366,398,-14,-14,,,29
10,Cincinnati Bengals,DST,CIN,6,,,411,334,399,24,24,,,
10,Washington Commanders,DST,WAS,7,,,409,337,400,24,24,,,
10,Emmanuel Henderson,WR,SEA,11,,,375,,401,-16,-16,,,
10,Arizona Cardinals,DST,ARI,14,,,410,340,402,29,29,,,
10,Zonovan Knight,RB,ARI,14,,,365,386,403,-16,-16,,,49
10,Anthony Richardson,QB,IND,13,,,374,380,404,14,14,,,
10,Colbie Young,WR,CIN,6,,,385,371,405,-16,-16,,,
10,Jahan Dotson,WR,ATL,11,,,393,364,406,-20,-20,,,24
10,Van Jefferson,WR,WAS,7,,,,381,407,-16,-16,,,31
10,John Metchie,WR,CAR,5,,,380,383,408,-16,-16,,,27
10,Kalif Raymond,WR,CHI,10,,,382,,409,-16,-16,,,19
10,Michael Trigg,TE,DAL,14,,,358,407,410,10,10,,,
10,Dyami Brown,WR,WAS,7,,,,384,411,-16,-16,,,25
10,Tanner Koziol,TE,JAC,7,,,,388,412,-13,-13,,,
10,Raheim Sanders,RB,CLE,11,,,388,,413,6,6,,,29
10,Tutu Atwell,WR,MIA,6,,,396,382,414,-18,-18,,,14
10,Noah Fant,TE,NO,8,,,,390,415,-8,-8,,,32
10,Kareem Hunt,RB,Free Agent,0,,,383,397,416,-3,-3,,,51
10,Dameon Pierce,RB,PHI,10,,,390,,417,4,4,,,13
10,Xavier Hutchinson,WR,HOU,8,,,389,393,418,-17,-17,,,34
10,Terrell Jennings,RB,NE,11,,,392,,419,3,3,,,14
10,Reggie Virgil,WR,ARI,14,,,384,401,420,-17,-17,,,
10,Nick Westbrook-Ikhine,WR,IND,13,,,,394,421,-12,-12,,,13
10,Sam Roush,TE,CHI,10,,,,395,422,-10,-10,,,
10,KeAndre Lambert-Smith,WR,LAC,7,,,399,391,423,-19,-19,,,10
10,Kaden Wetjen,WR,PIT,9,,,394,399,424,-13,-13,,,
10,Austin Ekeler,RB,Free Agent,0,,,387,409,425,4,4,,,55
10,Eric McAlister,WR,Free Agent,0,,,,400,426,1,1,,,
10,Treylon Burks,WR,WAS,7,,,403,,427,-19,-19,,,28
10,Brandin Cooks,WR,Free Agent,0,,,,403,428,0,0,,,30
10,CJ Daniels,WR,LA,11,,,406,402,429,-14,-14,,,
10,Le'Veon Moss,RB,MIA,6,,,,405,430,2,2,,,
10,Efton Chism,WR,NE,11,,,,406,431,3,3,,,5
10,Kendrick Law,WR,DET,6,,,407,411,432,1,1,,,
10,DeAndre Hopkins,WR,Free Agent,0,,,415,404,433,-3,-3,,,24
10,Caullin Lacy,WR,NYJ,13,,,,410,434,1,1,,,
10,Isaiah Hodgins,WR,NYG,8,,,412,,435,-9,-9,,,31
10,Dillon Bell,WR,MIN,6,,,,412,436,0,0,,,